{
  "species": "cobblemon:polteageist",
  "order": 1,
  "variations": [
    {
      "aspects": [
        "antique"
      ],
      "poser": "cobblemon:polteageist",
      "model": "cobblemon:polteageist_antique.geo",
      "texture": "cobblemon:textures/pokemon/0855_polteageist/polteageist_antique.png",
      "layers": []
    },
    {
      "aspects": [
        "antique",
        "shiny"
      ],
      "texture": "cobblemon:textures/pokemon/0855_polteageist/polteageist_antique_shiny.png"
    }
  ]
}