{
  "species": "cobblemon:caterpie",
  "order": 0,
  "variations": [
    {
      "aspects": [],
      "poser": "cobblemon:caterpie",
      "model": "cobblemon:caterpie.geo",
      "texture": "cobblemon:textures/pokemon/0010_caterpie/caterpie.png",
      "layers": []
    },
    {
      "aspects": [
        "shiny"
      ],
      "texture": "cobblemon:textures/pokemon/0010_caterpie/caterpie_shiny.png"
    },
    {
      "aspects": [
        "valencian"
      ],
      "texture": "cobblemon:textures/pokemon/0010_caterpie/caterpie_valencian.png"
    },
    {
      "aspects": [
        "valencian",
        "shiny"
      ],
      "texture": "cobblemon:textures/pokemon/0010_caterpie/caterpie_valencian_shiny.png"
    }
  ]
}