{
  "species": "cobblemon:pumpkaboo",
  "order": 3,
  "variations": [
    {
      "aspects": [
        "pumpkin-size-super"
      ],
      "poser": "cobblemon:pumpkaboo_super",
      "model": "cobblemon:pumpkaboo.geo",
      "texture": "cobblemon:textures/pokemon/0710_pumpkaboo/pumpkaboo_super.png",
      "layers": [
        {
          "name": "color",
          "texture": "cobblemon:textures/pokemon/0710_pumpkaboo/pumpkaboo_emissive.png",
          "emissive": true
        }
      ]
    },
    {
      "aspects": [
        "pumpkin-size-super",
        "shiny"
      ],
      "texture": "cobblemon:textures/pokemon/0710_pumpkaboo/pumpkaboo_super_shiny.png",
      "layers": [
        {
          "name": "color",
          "texture": "cobblemon:textures/pokemon/0710_pumpkaboo/pumpkaboo_shiny_emissive.png",
          "emissive": true
        }
      ]
    }
  ]
}