{
  "species": "cobblemon:spoink",
  "order": 0,
  "variations": [
    {
      "aspects": [],
      "poser": "cobblemon:spoink",
      "model": "cobblemon:spoink.geo",
      "texture": "cobblemon:textures/pokemon/0325_spoink/spoink.png",
      "layers": [
        {
          "name": "pearl",
          "texture": "cobblemon:textures/pokemon/0325_spoink/spoink_pearl.png"
        }
      ]
    },
    {
      "aspects": [
        "shiny"
      ],
      "texture": "cobblemon:textures/pokemon/0325_spoink/spoink_shiny.png",
      "layers": [
        {
          "name": "pearl",
          "texture": "cobblemon:textures/pokemon/0325_spoink/spoink_shiny_pearl.png"
        }
      ]
    },
    {
      "aspects": [
        "cosmetic_item-ender_pearl"
      ],
      "texture": "cobblemon:textures/pokemon/0325_spoink/spoink_ender.png",
      "layers": [
        {
          "name": "pearl",
          "texture": "cobblemon:textures/pokemon/0325_spoink/spoink_ender_pearl.png",
          "translucent": true,
          "translucent_cull": true
        }
      ]
    },
    {
      "aspects": [
        "cosmetic_item-ender_pearl",
        "shiny"
      ],
      "texture": "cobblemon:textures/pokemon/0325_spoink/spoink_ender_shiny.png",
      "layers": [
        {
          "name": "pearl",
          "texture": "cobblemon:textures/pokemon/0325_spoink/spoink_ender_pearl.png",
          "translucent": true,
          "translucent_cull": true
        }
      ]
    }
  ]
}