{
  "species": "cobblemon:gimmighoul",
  "order": 0,
  "variations": [
    {
      "aspects": [],
      "poser": "cobblemon:gimmighoulchest",
      "model": "cobblemon:gimmighoul_chest.geo",
      "texture": "cobblemon:textures/pokemon/0999_gimmighoul/gimmighoul_chest.png",
      "layers": []
    },
    {
      "aspects": [
        "minecraft"
      ],
      "poser": "cobblemon:gimmighoulchest",
      "model": "cobblemon:gimmighoul_chest_minecraft.geo",
      "texture": "cobblemon:textures/pokemon/0999_gimmighoul/gimmighoul_chest_minecraft.png",
      "layers": []
    },
    {
      "aspects": [
        "shiny"
      ],
      "poser": "cobblemon:gimmighoulchest",
      "model": "cobblemon:gimmighoul_chest.geo",
      "texture": "cobblemon:textures/pokemon/0999_gimmighoul/gimmighoul_chest_shiny.png"
    },
    {
      "aspects": [
        "shiny",
        "minecraft"
      ],
      "poser": "cobblemon:gimmighoulchest",
      "model": "cobblemon:gimmighoul_chest_minecraft.geo",
      "texture": "cobblemon:textures/pokemon/0999_gimmighoul/gimmighoul_chest_minecraft_shiny.png"
    },
    {
      "aspects": [
        "red-gilded-chest"
      ],
      "texture": "cobblemon:textures/pokemon/0999_gimmighoul/gimmighoul_red.png",
      "layers": [
        {
          "name": "chest",
          "texture": "cobblemon:textures/pokemon/0999_gimmighoul/gimmighoul_chest_red.png"
        }
      ]
    },
    {
      "aspects": [
        "yellow-gilded-chest"
      ],
      "texture": "cobblemon:textures/pokemon/0999_gimmighoul/gimmighoul_yellow.png",
      "layers": [
        {
          "name": "chest",
          "texture": "cobblemon:textures/pokemon/0999_gimmighoul/gimmighoul_chest_yellow.png"
        }
      ]
    },
    {
      "aspects": [
        "green-gilded-chest"
      ],
      "texture": "cobblemon:textures/pokemon/0999_gimmighoul/gimmighoul_green.png",
      "layers": [
        {
          "name": "chest",
          "texture": "cobblemon:textures/pokemon/0999_gimmighoul/gimmighoul_chest_green.png"
        }
      ]
    },
    {
      "aspects": [
        "blue-gilded-chest"
      ],
      "texture": "cobblemon:textures/pokemon/0999_gimmighoul/gimmighoul_blue.png",
      "layers": [
        {
          "name": "chest",
          "texture": "cobblemon:textures/pokemon/0999_gimmighoul/gimmighoul_chest_blue.png"
        }
      ]
    },
    {
      "aspects": [
        "pink-gilded-chest"
      ],
      "texture": "cobblemon:textures/pokemon/0999_gimmighoul/gimmighoul_pink.png",
      "layers": [
        {
          "name": "chest",
          "texture": "cobblemon:textures/pokemon/0999_gimmighoul/gimmighoul_chest_pink.png"
        }
      ]
    },
    {
      "aspects": [
        "black-gilded-chest"
      ],
      "texture": "cobblemon:textures/pokemon/0999_gimmighoul/gimmighoul_black.png",
      "layers": [
        {
          "name": "chest",
          "texture": "cobblemon:textures/pokemon/0999_gimmighoul/gimmighoul_chest_black.png"
        }
      ]
    },
    {
      "aspects": [
        "white-gilded-chest"
      ],
      "texture": "cobblemon:textures/pokemon/0999_gimmighoul/gimmighoul_white.png",
      "layers": [
        {
          "name": "chest",
          "texture": "cobblemon:textures/pokemon/0999_gimmighoul/gimmighoul_chest_white.png"
        }
      ]
    },
    {
      "aspects": [
        "red-gilded-chest",
        "shiny"
      ],
      "texture": "cobblemon:textures/pokemon/0999_gimmighoul/gimmighoul_red_shiny.png",
      "layers": [
        {
          "name": "chest",
          "texture": "cobblemon:textures/pokemon/0999_gimmighoul/gimmighoul_chest_red.png"
        }
      ]
    },
    {
      "aspects": [
        "yellow-gilded-chest",
        "shiny"
      ],
      "texture": "cobblemon:textures/pokemon/0999_gimmighoul/gimmighoul_yellow_shiny.png",
      "layers": [
        {
          "name": "chest",
          "texture": "cobblemon:textures/pokemon/0999_gimmighoul/gimmighoul_chest_yellow.png"
        }
      ]
    },
    {
      "aspects": [
        "green-gilded-chest",
        "shiny"
      ],
      "texture": "cobblemon:textures/pokemon/0999_gimmighoul/gimmighoul_green_shiny.png",
      "layers": [
        {
          "name": "chest",
          "texture": "cobblemon:textures/pokemon/0999_gimmighoul/gimmighoul_chest_green.png"
        }
      ]
    },
    {
      "aspects": [
        "blue-gilded-chest",
        "shiny"
      ],
      "texture": "cobblemon:textures/pokemon/0999_gimmighoul/gimmighoul_blue_shiny.png",
      "layers": [
        {
          "name": "chest",
          "texture": "cobblemon:textures/pokemon/0999_gimmighoul/gimmighoul_chest_blue.png"
        }
      ]
    },
    {
      "aspects": [
        "pink-gilded-chest",
        "shiny"
      ],
      "texture": "cobblemon:textures/pokemon/0999_gimmighoul/gimmighoul_pink_shiny.png",
      "layers": [
        {
          "name": "chest",
          "texture": "cobblemon:textures/pokemon/0999_gimmighoul/gimmighoul_chest_pink.png"
        }
      ]
    },
    {
      "aspects": [
        "black-gilded-chest",
        "shiny"
      ],
      "texture": "cobblemon:textures/pokemon/0999_gimmighoul/gimmighoul_black_shiny.png",
      "layers": [
        {
          "name": "chest",
          "texture": "cobblemon:textures/pokemon/0999_gimmighoul/gimmighoul_chest_black.png"
        }
      ]
    },
    {
      "aspects": [
        "white-gilded-chest",
        "shiny"
      ],
      "texture": "cobblemon:textures/pokemon/0999_gimmighoul/gimmighoul_white_shiny.png",
      "layers": [
        {
          "name": "chest",
          "texture": "cobblemon:textures/pokemon/0999_gimmighoul/gimmighoul_chest_white.png"
        }
      ]
    }
  ]
}