{
  "species": "cobblemon:gengar",
  "order": 0,
  "variations": [
    {
      "aspects": [],
      "poser": "cobblemon:gengar",
      "model": "cobblemon:gengar.geo",
      "texture": "cobblemon:textures/pokemon/0094_gengar/gengar.png",
      "layers": [
        {
          "name": "emissive",
          "texture": "cobblemon:textures/pokemon/0094_gengar/gengar_emissives.png",
          "emissive": true,
          "translucent": true
        }
      ]
    },
    {
      "aspects": [
        "shiny"
      ],
      "texture": "cobblemon:textures/pokemon/0094_gengar/gengar_shiny.png",
      "layers": [
        {
          "name": "emissive",
          "texture": "cobblemon:textures/pokemon/0094_gengar/gengar_shiny_emissives.png",
          "emissive": true,
          "translucent": true
        }
      ]
    },
    {
      "aspects": [
        "color-green"
      ],
      "texture": "cobblemon:textures/pokemon/0094_gengar/gengar_green.png",
      "layers": [
        {
          "name": "pokemopolis",
          "texture": "cobblemon:textures/pokemon/0094_gengar/gengar_pokemopolis.png"
        }
      ]
    },
    {
      "aspects": [
        "color-green",
        "shiny"
      ],
      "texture": "cobblemon:textures/pokemon/0094_gengar/gengar_green_shiny.png",
      "layers": [
        {
          "name": "pokemopolis",
          "texture": "cobblemon:textures/pokemon/0094_gengar/gengar_pokemopolis.png"
        }
      ]
    }
  ]
}