{
  "species": "cobblemon:gurdurr",
  "order": 0,
  "variations": [
    {
      "aspects": [],
      "poser": "cobblemon:gurdurr",
      "model": "cobblemon:gurdurr.geo",
      "texture": "cobblemon:textures/pokemon/0533_gurdurr/gurdurr.png",
      "layers": []
    },
    {
      "aspects": [
        "shiny"
      ],
      "texture": "cobblemon:textures/pokemon/0533_gurdurr/gurdurr_shiny.png"
    },
    {
      "aspects": [
        "metals-copper"
      ],
      "texture": "cobblemon:textures/pokemon/0533_gurdurr/gurdurr_metals_copper.png",
      "layers": [
        {
          "texture": "cobblemon:textures/pokemon/0533_gurdurr/gurdurr_copper.png"
        }
      ]
    },
    {
      "aspects": [
        "metals-iron"
      ],
      "texture": "cobblemon:textures/pokemon/0533_gurdurr/gurdurr_metals_iron.png",
      "layers": [
        {
          "texture": "cobblemon:textures/pokemon/0533_gurdurr/gurdurr_iron.png"
        }
      ]
    },
    {
      "aspects": [
        "metals-gold"
      ],
      "texture": "cobblemon:textures/pokemon/0533_gurdurr/gurdurr_metals_gold.png",
      "layers": [
        {
          "texture": "cobblemon:textures/pokemon/0533_gurdurr/gurdurr_gold.png"
        }
      ]
    },
    {
      "aspects": [
        "metals-netherite"
      ],
      "texture": "cobblemon:textures/pokemon/0533_gurdurr/gurdurr_metals_netherite.png",
      "layers": [
        {
          "texture": "cobblemon:textures/pokemon/0533_gurdurr/gurdurr_netherite.png"
        }
      ]
    },
    {
      "aspects": [
        "metals-copper",
        "shiny"
      ],
      "texture": "cobblemon:textures/pokemon/0533_gurdurr/gurdurr_metals_copper_shiny.png",
      "layers": [
        {
          "texture": "cobblemon:textures/pokemon/0533_gurdurr/gurdurr_copper.png"
        }
      ]
    },
    {
      "aspects": [
        "metals-iron",
        "shiny"
      ],
      "texture": "cobblemon:textures/pokemon/0533_gurdurr/gurdurr_metals_iron_shiny.png",
      "layers": [
        {
          "texture": "cobblemon:textures/pokemon/0533_gurdurr/gurdurr_iron.png"
        }
      ]
    },
    {
      "aspects": [
        "metals-gold",
        "shiny"
      ],
      "texture": "cobblemon:textures/pokemon/0533_gurdurr/gurdurr_metals_gold_shiny.png",
      "layers": [
        {
          "texture": "cobblemon:textures/pokemon/0533_gurdurr/gurdurr_gold.png"
        }
      ]
    },
    {
      "aspects": [
        "metals-netherite",
        "shiny"
      ],
      "texture": "cobblemon:textures/pokemon/0533_gurdurr/gurdurr_metals_netherite_shiny.png",
      "layers": [
        {
          "texture": "cobblemon:textures/pokemon/0533_gurdurr/gurdurr_netherite.png"
        }
      ]
    }
  ]
}