{
  "species": "cobblemon:rufflet",
  "order": 0,
  "variations": [
    {
      "aspects": [],
      "poser": "cobblemon:rufflet",
      "model": "cobblemon:rufflet.geo",
      "texture": "cobblemon:textures/pokemon/0627_rufflet/rufflet.png"
    },
    {
      "aspects": [
        "shiny"
      ],
      "texture": "cobblemon:textures/pokemon/0627_rufflet/rufflet_shiny.png"
    },
    {
      "aspects": [
        "region-bias-hisui"
      ],
      "texture": "cobblemon:textures/pokemon/0627_rufflet/rufflet_hisui_bias.png"
    },
    {
      "aspects": [
        "region-bias-hisui",
        "shiny"
      ],
      "texture": "cobblemon:textures/pokemon/0627_rufflet/rufflet_hisui_bias_shiny.png"
    }
  ]
}