{
  "species": "cobblemon:alcremie",
  "order": 0,
  "variations": [
    {
      "aspects": [],
      "poser": "cobblemon:alcremie",
      "model": "cobblemon:alcremie.geo",
      "texture": "cobblemon:textures/pokemon/0869_alcremie/alcremie_vanilla.png",
      "layers": []
    },
    {
      "aspects": [
        "decoration-strawberry",
        "cream-vanilla"
      ],
      "texture": "cobblemon:textures/pokemon/0869_alcremie/alcremie_strawberry_vanilla.png",
      "layers": [
        {
          "name": "decoration",
          "texture": "cobblemon:textures/pokemon/0869_alcremie/alcremie_strawberry_decoration.png",
          "emissive": false
        }
      ]
    },
    {
      "aspects": [
        "decoration-strawberry",
        "cream-ruby"
      ],
      "texture": "cobblemon:textures/pokemon/0869_alcremie/alcremie_strawberry_ruby.png",
      "layers": [
        {
          "name": "decoration",
          "texture": "cobblemon:textures/pokemon/0869_alcremie/alcremie_strawberry_decoration.png",
          "emissive": false
        }
      ]
    },
    {
      "aspects": [
        "decoration-strawberry",
        "cream-matcha"
      ],
      "texture": "cobblemon:textures/pokemon/0869_alcremie/alcremie_strawberry_matcha.png",
      "layers": [
        {
          "name": "decoration",
          "texture": "cobblemon:textures/pokemon/0869_alcremie/alcremie_strawberry_decoration.png",
          "emissive": false
        }
      ]
    },
    {
      "aspects": [
        "decoration-strawberry",
        "cream-mint"
      ],
      "texture": "cobblemon:textures/pokemon/0869_alcremie/alcremie_strawberry_mint.png",
      "layers": [
        {
          "name": "decoration",
          "texture": "cobblemon:textures/pokemon/0869_alcremie/alcremie_strawberry_decoration.png",
          "emissive": false
        }
      ]
    },
    {
      "aspects": [
        "decoration-strawberry",
        "cream-lemon"
      ],
      "texture": "cobblemon:textures/pokemon/0869_alcremie/alcremie_strawberry_lemon.png",
      "layers": [
        {
          "name": "decoration",
          "texture": "cobblemon:textures/pokemon/0869_alcremie/alcremie_strawberry_decoration.png",
          "emissive": false
        }
      ]
    },
    {
      "aspects": [
        "decoration-strawberry",
        "cream-salted"
      ],
      "texture": "cobblemon:textures/pokemon/0869_alcremie/alcremie_strawberry_salted.png",
      "layers": [
        {
          "name": "decoration",
          "texture": "cobblemon:textures/pokemon/0869_alcremie/alcremie_strawberry_decoration.png",
          "emissive": false
        }
      ]
    },
    {
      "aspects": [
        "decoration-strawberry",
        "cream-ruby_swirl"
      ],
      "texture": "cobblemon:textures/pokemon/0869_alcremie/alcremie_strawberry_rubyswirl.png",
      "layers": [
        {
          "name": "decoration",
          "texture": "cobblemon:textures/pokemon/0869_alcremie/alcremie_strawberry_decoration.png",
          "emissive": false
        }
      ]
    },
    {
      "aspects": [
        "decoration-strawberry",
        "cream-caramel_swirl"
      ],
      "texture": "cobblemon:textures/pokemon/0869_alcremie/alcremie_strawberry_caramel.png",
      "layers": [
        {
          "name": "decoration",
          "texture": "cobblemon:textures/pokemon/0869_alcremie/alcremie_strawberry_decoration.png",
          "emissive": false
        }
      ]
    },
    {
      "aspects": [
        "decoration-strawberry",
        "cream-rainbow_swirl"
      ],
      "texture": "cobblemon:textures/pokemon/0869_alcremie/alcremie_strawberry_rainbowswirl.png",
      "layers": [
        {
          "name": "decoration",
          "texture": "cobblemon:textures/pokemon/0869_alcremie/alcremie_strawberry_decoration.png",
          "emissive": false
        }
      ]
    },
    {
      "aspects": [
        "decoration-strawberry",
        "shiny"
      ],
      "texture": "cobblemon:textures/pokemon/0869_alcremie/alcremie_strawberry_shiny.png",
      "layers": [
        {
          "name": "decoration",
          "texture": "cobblemon:textures/pokemon/0869_alcremie/alcremie_strawberry_decoration.png",
          "emissive": false
        }
      ]
    },
    {
      "aspects": [
        "decoration-berry",
        "cream-vanilla"
      ],
      "texture": "cobblemon:textures/pokemon/0869_alcremie/alcremie_berry_vanilla.png",
      "layers": [
        {
          "name": "decoration",
          "texture": "cobblemon:textures/pokemon/0869_alcremie/alcremie_berry_decoration.png",
          "emissive": false
        }
      ]
    },
    {
      "aspects": [
        "decoration-berry",
        "cream-ruby"
      ],
      "texture": "cobblemon:textures/pokemon/0869_alcremie/alcremie_berry_ruby.png",
      "layers": [
        {
          "name": "decoration",
          "texture": "cobblemon:textures/pokemon/0869_alcremie/alcremie_berry_decoration.png",
          "emissive": false
        }
      ]
    },
    {
      "aspects": [
        "decoration-berry",
        "cream-matcha"
      ],
      "texture": "cobblemon:textures/pokemon/0869_alcremie/alcremie_berry_matcha.png",
      "layers": [
        {
          "name": "decoration",
          "texture": "cobblemon:textures/pokemon/0869_alcremie/alcremie_berry_decoration.png",
          "emissive": false
        }
      ]
    },
    {
      "aspects": [
        "decoration-berry",
        "cream-mint"
      ],
      "texture": "cobblemon:textures/pokemon/0869_alcremie/alcremie_berry_mint.png",
      "layers": [
        {
          "name": "decoration",
          "texture": "cobblemon:textures/pokemon/0869_alcremie/alcremie_berry_decoration.png",
          "emissive": false
        }
      ]
    },
    {
      "aspects": [
        "decoration-berry",
        "cream-lemon"
      ],
      "texture": "cobblemon:textures/pokemon/0869_alcremie/alcremie_berry_lemon.png",
      "layers": [
        {
          "name": "decoration",
          "texture": "cobblemon:textures/pokemon/0869_alcremie/alcremie_berry_decoration.png",
          "emissive": false
        }
      ]
    },
    {
      "aspects": [
        "decoration-berry",
        "cream-salted"
      ],
      "texture": "cobblemon:textures/pokemon/0869_alcremie/alcremie_berry_salted.png",
      "layers": [
        {
          "name": "decoration",
          "texture": "cobblemon:textures/pokemon/0869_alcremie/alcremie_berry_decoration.png",
          "emissive": false
        }
      ]
    },
    {
      "aspects": [
        "decoration-berry",
        "cream-ruby_swirl"
      ],
      "texture": "cobblemon:textures/pokemon/0869_alcremie/alcremie_berry_rubyswirl.png",
      "layers": [
        {
          "name": "decoration",
          "texture": "cobblemon:textures/pokemon/0869_alcremie/alcremie_berry_decoration.png",
          "emissive": false
        }
      ]
    },
    {
      "aspects": [
        "decoration-berry",
        "cream-caramel_swirl"
      ],
      "texture": "cobblemon:textures/pokemon/0869_alcremie/alcremie_berry_caramel.png",
      "layers": [
        {
          "name": "decoration",
          "texture": "cobblemon:textures/pokemon/0869_alcremie/alcremie_berry_decoration.png",
          "emissive": false
        }
      ]
    },
    {
      "aspects": [
        "decoration-berry",
        "cream-rainbow_swirl"
      ],
      "texture": "cobblemon:textures/pokemon/0869_alcremie/alcremie_berry_rainbowswirl.png",
      "layers": [
        {
          "name": "decoration",
          "texture": "cobblemon:textures/pokemon/0869_alcremie/alcremie_berry_decoration.png",
          "emissive": false
        }
      ]
    },
    {
      "aspects": [
        "decoration-berry",
        "shiny"
      ],
      "texture": "cobblemon:textures/pokemon/0869_alcremie/alcremie_berry_shiny.png",
      "layers": [
        {
          "name": "decoration",
          "texture": "cobblemon:textures/pokemon/0869_alcremie/alcremie_berry_decoration.png",
          "emissive": false
        }
      ]
    },
    {
      "aspects": [
        "decoration-love",
        "cream-vanilla"
      ],
      "texture": "cobblemon:textures/pokemon/0869_alcremie/alcremie_heart_vanilla.png",
      "layers": [
        {
          "name": "decoration",
          "texture": "cobblemon:textures/pokemon/0869_alcremie/alcremie_heart_decoration.png",
          "emissive": false
        }
      ]
    },
    {
      "aspects": [
        "decoration-love",
        "cream-ruby"
      ],
      "texture": "cobblemon:textures/pokemon/0869_alcremie/alcremie_heart_ruby.png",
      "layers": [
        {
          "name": "decoration",
          "texture": "cobblemon:textures/pokemon/0869_alcremie/alcremie_heart_decoration.png",
          "emissive": false
        }
      ]
    },
    {
      "aspects": [
        "decoration-love",
        "cream-matcha"
      ],
      "texture": "cobblemon:textures/pokemon/0869_alcremie/alcremie_heart_matcha.png",
      "layers": [
        {
          "name": "decoration",
          "texture": "cobblemon:textures/pokemon/0869_alcremie/alcremie_heart_decoration.png",
          "emissive": false
        }
      ]
    },
    {
      "aspects": [
        "decoration-love",
        "cream-mint"
      ],
      "texture": "cobblemon:textures/pokemon/0869_alcremie/alcremie_heart_mint.png",
      "layers": [
        {
          "name": "decoration",
          "texture": "cobblemon:textures/pokemon/0869_alcremie/alcremie_heart_decoration.png",
          "emissive": false
        }
      ]
    },
    {
      "aspects": [
        "decoration-love",
        "cream-lemon"
      ],
      "texture": "cobblemon:textures/pokemon/0869_alcremie/alcremie_heart_lemon.png",
      "layers": [
        {
          "name": "decoration",
          "texture": "cobblemon:textures/pokemon/0869_alcremie/alcremie_heart_decoration.png",
          "emissive": false
        }
      ]
    },
    {
      "aspects": [
        "decoration-love",
        "cream-salted"
      ],
      "texture": "cobblemon:textures/pokemon/0869_alcremie/alcremie_heart_salted.png",
      "layers": [
        {
          "name": "decoration",
          "texture": "cobblemon:textures/pokemon/0869_alcremie/alcremie_heart_decoration.png",
          "emissive": false
        }
      ]
    },
    {
      "aspects": [
        "decoration-love",
        "cream-ruby_swirl"
      ],
      "texture": "cobblemon:textures/pokemon/0869_alcremie/alcremie_heart_rubyswirl.png",
      "layers": [
        {
          "name": "decoration",
          "texture": "cobblemon:textures/pokemon/0869_alcremie/alcremie_heart_decoration.png",
          "emissive": false
        }
      ]
    },
    {
      "aspects": [
        "decoration-love",
        "cream-caramel_swirl"
      ],
      "texture": "cobblemon:textures/pokemon/0869_alcremie/alcremie_heart_caramel.png",
      "layers": [
        {
          "name": "decoration",
          "texture": "cobblemon:textures/pokemon/0869_alcremie/alcremie_heart_decoration.png",
          "emissive": false
        }
      ]
    },
    {
      "aspects": [
        "decoration-love",
        "cream-rainbow_swirl"
      ],
      "texture": "cobblemon:textures/pokemon/0869_alcremie/alcremie_heart_rainbowswirl.png",
      "layers": [
        {
          "name": "decoration",
          "texture": "cobblemon:textures/pokemon/0869_alcremie/alcremie_heart_decoration.png",
          "emissive": false
        }
      ]
    },
    {
      "aspects": [
        "decoration-love",
        "shiny"
      ],
      "texture": "cobblemon:textures/pokemon/0869_alcremie/alcremie_heart_shiny.png",
      "layers": [
        {
          "name": "decoration",
          "texture": "cobblemon:textures/pokemon/0869_alcremie/alcremie_heart_decoration.png",
          "emissive": false
        }
      ]
    },
    {
      "aspects": [
        "decoration-star",
        "cream-vanilla"
      ],
      "texture": "cobblemon:textures/pokemon/0869_alcremie/alcremie_star_vanilla.png",
      "layers": [
        {
          "name": "decoration",
          "texture": "cobblemon:textures/pokemon/0869_alcremie/alcremie_star_decoration.png",
          "emissive": false
        }
      ]
    },
    {
      "aspects": [
        "decoration-star",
        "cream-ruby"
      ],
      "texture": "cobblemon:textures/pokemon/0869_alcremie/alcremie_star_ruby.png",
      "layers": [
        {
          "name": "decoration",
          "texture": "cobblemon:textures/pokemon/0869_alcremie/alcremie_star_decoration.png",
          "emissive": false
        }
      ]
    },
    {
      "aspects": [
        "decoration-star",
        "cream-matcha"
      ],
      "texture": "cobblemon:textures/pokemon/0869_alcremie/alcremie_star_matcha.png",
      "layers": [
        {
          "name": "decoration",
          "texture": "cobblemon:textures/pokemon/0869_alcremie/alcremie_star_decoration.png",
          "emissive": false
        }
      ]
    },
    {
      "aspects": [
        "decoration-star",
        "cream-mint"
      ],
      "texture": "cobblemon:textures/pokemon/0869_alcremie/alcremie_star_mint.png",
      "layers": [
        {
          "name": "decoration",
          "texture": "cobblemon:textures/pokemon/0869_alcremie/alcremie_star_decoration.png",
          "emissive": false
        }
      ]
    },
    {
      "aspects": [
        "decoration-star",
        "cream-lemon"
      ],
      "texture": "cobblemon:textures/pokemon/0869_alcremie/alcremie_star_lemon.png",
      "layers": [
        {
          "name": "decoration",
          "texture": "cobblemon:textures/pokemon/0869_alcremie/alcremie_star_decoration.png",
          "emissive": false
        }
      ]
    },
    {
      "aspects": [
        "decoration-star",
        "cream-salted"
      ],
      "texture": "cobblemon:textures/pokemon/0869_alcremie/alcremie_star_salted.png",
      "layers": [
        {
          "name": "decoration",
          "texture": "cobblemon:textures/pokemon/0869_alcremie/alcremie_star_decoration.png",
          "emissive": false
        }
      ]
    },
    {
      "aspects": [
        "decoration-star",
        "cream-ruby_swirl"
      ],
      "texture": "cobblemon:textures/pokemon/0869_alcremie/alcremie_star_rubyswirl.png",
      "layers": [
        {
          "name": "decoration",
          "texture": "cobblemon:textures/pokemon/0869_alcremie/alcremie_star_decoration.png",
          "emissive": false
        }
      ]
    },
    {
      "aspects": [
        "decoration-star",
        "cream-caramel_swirl"
      ],
      "texture": "cobblemon:textures/pokemon/0869_alcremie/alcremie_star_caramel.png",
      "layers": [
        {
          "name": "decoration",
          "texture": "cobblemon:textures/pokemon/0869_alcremie/alcremie_star_decoration.png",
          "emissive": false
        }
      ]
    },
    {
      "aspects": [
        "decoration-star",
        "cream-rainbow_swirl"
      ],
      "texture": "cobblemon:textures/pokemon/0869_alcremie/alcremie_star_rainbowswirl.png",
      "layers": [
        {
          "name": "decoration",
          "texture": "cobblemon:textures/pokemon/0869_alcremie/alcremie_star_decoration.png",
          "emissive": false
        }
      ]
    },
    {
      "aspects": [
        "decoration-star",
        "shiny"
      ],
      "texture": "cobblemon:textures/pokemon/0869_alcremie/alcremie_star_shiny.png",
      "layers": [
        {
          "name": "decoration",
          "texture": "cobblemon:textures/pokemon/0869_alcremie/alcremie_star_decoration.png",
          "emissive": false
        }
      ]
    },
    {
      "aspects": [
        "decoration-clover",
        "cream-vanilla"
      ],
      "texture": "cobblemon:textures/pokemon/0869_alcremie/alcremie_clover_vanilla.png",
      "layers": [
        {
          "name": "decoration",
          "texture": "cobblemon:textures/pokemon/0869_alcremie/alcremie_clover_decoration.png",
          "emissive": false
        }
      ]
    },
    {
      "aspects": [
        "decoration-clover",
        "cream-ruby"
      ],
      "texture": "cobblemon:textures/pokemon/0869_alcremie/alcremie_clover_ruby.png",
      "layers": [
        {
          "name": "decoration",
          "texture": "cobblemon:textures/pokemon/0869_alcremie/alcremie_clover_decoration.png",
          "emissive": false
        }
      ]
    },
    {
      "aspects": [
        "decoration-clover",
        "cream-matcha"
      ],
      "texture": "cobblemon:textures/pokemon/0869_alcremie/alcremie_clover_matcha.png",
      "layers": [
        {
          "name": "decoration",
          "texture": "cobblemon:textures/pokemon/0869_alcremie/alcremie_clover_decoration.png",
          "emissive": false
        }
      ]
    },
    {
      "aspects": [
        "decoration-clover",
        "cream-mint"
      ],
      "texture": "cobblemon:textures/pokemon/0869_alcremie/alcremie_clover_mint.png",
      "layers": [
        {
          "name": "decoration",
          "texture": "cobblemon:textures/pokemon/0869_alcremie/alcremie_clover_decoration.png",
          "emissive": false
        }
      ]
    },
    {
      "aspects": [
        "decoration-clover",
        "cream-lemon"
      ],
      "texture": "cobblemon:textures/pokemon/0869_alcremie/alcremie_clover_lemon.png",
      "layers": [
        {
          "name": "decoration",
          "texture": "cobblemon:textures/pokemon/0869_alcremie/alcremie_clover_decoration.png",
          "emissive": false
        }
      ]
    },
    {
      "aspects": [
        "decoration-clover",
        "cream-salted"
      ],
      "texture": "cobblemon:textures/pokemon/0869_alcremie/alcremie_clover_salted.png",
      "layers": [
        {
          "name": "decoration",
          "texture": "cobblemon:textures/pokemon/0869_alcremie/alcremie_clover_decoration.png",
          "emissive": false
        }
      ]
    },
    {
      "aspects": [
        "decoration-clover",
        "cream-ruby_swirl"
      ],
      "texture": "cobblemon:textures/pokemon/0869_alcremie/alcremie_clover_rubyswirl.png",
      "layers": [
        {
          "name": "decoration",
          "texture": "cobblemon:textures/pokemon/0869_alcremie/alcremie_clover_decoration.png",
          "emissive": false
        }
      ]
    },
    {
      "aspects": [
        "decoration-clover",
        "cream-caramel_swirl"
      ],
      "texture": "cobblemon:textures/pokemon/0869_alcremie/alcremie_clover_caramel.png",
      "layers": [
        {
          "name": "decoration",
          "texture": "cobblemon:textures/pokemon/0869_alcremie/alcremie_clover_decoration.png",
          "emissive": false
        }
      ]
    },
    {
      "aspects": [
        "decoration-clover",
        "cream-rainbow_swirl"
      ],
      "texture": "cobblemon:textures/pokemon/0869_alcremie/alcremie_clover_rainbowswirl.png",
      "layers": [
        {
          "name": "decoration",
          "texture": "cobblemon:textures/pokemon/0869_alcremie/alcremie_clover_decoration.png",
          "emissive": false
        }
      ]
    },
    {
      "aspects": [
        "decoration-clover",
        "shiny"
      ],
      "texture": "cobblemon:textures/pokemon/0869_alcremie/alcremie_clover_shiny.png",
      "layers": [
        {
          "name": "decoration",
          "texture": "cobblemon:textures/pokemon/0869_alcremie/alcremie_clover_decoration.png",
          "emissive": false
        }
      ]
    },
    {
      "aspects": [
        "decoration-flower",
        "cream-vanilla"
      ],
      "texture": "cobblemon:textures/pokemon/0869_alcremie/alcremie_flower_vanilla.png",
      "layers": [
        {
          "name": "decoration",
          "texture": "cobblemon:textures/pokemon/0869_alcremie/alcremie_flower_decoration.png",
          "emissive": false
        }
      ]
    },
    {
      "aspects": [
        "decoration-flower",
        "cream-ruby"
      ],
      "texture": "cobblemon:textures/pokemon/0869_alcremie/alcremie_flower_ruby.png",
      "layers": [
        {
          "name": "decoration",
          "texture": "cobblemon:textures/pokemon/0869_alcremie/alcremie_flower_decoration.png",
          "emissive": false
        }
      ]
    },
    {
      "aspects": [
        "decoration-flower",
        "cream-matcha"
      ],
      "texture": "cobblemon:textures/pokemon/0869_alcremie/alcremie_flower_matcha.png",
      "layers": [
        {
          "name": "decoration",
          "texture": "cobblemon:textures/pokemon/0869_alcremie/alcremie_flower_decoration.png",
          "emissive": false
        }
      ]
    },
    {
      "aspects": [
        "decoration-flower",
        "cream-mint"
      ],
      "texture": "cobblemon:textures/pokemon/0869_alcremie/alcremie_flower_mint.png",
      "layers": [
        {
          "name": "decoration",
          "texture": "cobblemon:textures/pokemon/0869_alcremie/alcremie_flower_decoration.png",
          "emissive": false
        }
      ]
    },
    {
      "aspects": [
        "decoration-flower",
        "cream-lemon"
      ],
      "texture": "cobblemon:textures/pokemon/0869_alcremie/alcremie_flower_lemon.png",
      "layers": [
        {
          "name": "decoration",
          "texture": "cobblemon:textures/pokemon/0869_alcremie/alcremie_flower_decoration.png",
          "emissive": false
        }
      ]
    },
    {
      "aspects": [
        "decoration-flower",
        "cream-salted"
      ],
      "texture": "cobblemon:textures/pokemon/0869_alcremie/alcremie_flower_salted.png",
      "layers": [
        {
          "name": "decoration",
          "texture": "cobblemon:textures/pokemon/0869_alcremie/alcremie_flower_decoration.png",
          "emissive": false
        }
      ]
    },
    {
      "aspects": [
        "decoration-flower",
        "cream-ruby_swirl"
      ],
      "texture": "cobblemon:textures/pokemon/0869_alcremie/alcremie_flower_rubyswirl.png",
      "layers": [
        {
          "name": "decoration",
          "texture": "cobblemon:textures/pokemon/0869_alcremie/alcremie_flower_decoration.png",
          "emissive": false
        }
      ]
    },
    {
      "aspects": [
        "decoration-flower",
        "cream-caramel_swirl"
      ],
      "texture": "cobblemon:textures/pokemon/0869_alcremie/alcremie_flower_caramel.png",
      "layers": [
        {
          "name": "decoration",
          "texture": "cobblemon:textures/pokemon/0869_alcremie/alcremie_flower_decoration.png",
          "emissive": false
        }
      ]
    },
    {
      "aspects": [
        "decoration-flower",
        "cream-rainbow_swirl"
      ],
      "texture": "cobblemon:textures/pokemon/0869_alcremie/alcremie_flower_rainbowswirl.png",
      "layers": [
        {
          "name": "decoration",
          "texture": "cobblemon:textures/pokemon/0869_alcremie/alcremie_flower_decoration.png",
          "emissive": false
        }
      ]
    },
    {
      "aspects": [
        "decoration-flower",
        "shiny"
      ],
      "texture": "cobblemon:textures/pokemon/0869_alcremie/alcremie_flower_shiny.png",
      "layers": [
        {
          "name": "decoration",
          "texture": "cobblemon:textures/pokemon/0869_alcremie/alcremie_flower_decoration.png",
          "emissive": false
        }
      ]
    },
    {
      "aspects": [
        "decoration-ribbon",
        "cream-vanilla"
      ],
      "texture": "cobblemon:textures/pokemon/0869_alcremie/alcremie_ribbon_vanilla.png",
      "layers": [
        {
          "name": "decoration",
          "texture": "cobblemon:textures/pokemon/0869_alcremie/alcremie_ribbon_decoration.png",
          "emissive": false
        }
      ]
    },
    {
      "aspects": [
        "decoration-ribbon",
        "cream-ruby"
      ],
      "texture": "cobblemon:textures/pokemon/0869_alcremie/alcremie_ribbon_ruby.png",
      "layers": [
        {
          "name": "decoration",
          "texture": "cobblemon:textures/pokemon/0869_alcremie/alcremie_ribbon_decoration.png",
          "emissive": false
        }
      ]
    },
    {
      "aspects": [
        "decoration-ribbon",
        "cream-matcha"
      ],
      "texture": "cobblemon:textures/pokemon/0869_alcremie/alcremie_ribbon_matcha.png",
      "layers": [
        {
          "name": "decoration",
          "texture": "cobblemon:textures/pokemon/0869_alcremie/alcremie_ribbon_decoration.png",
          "emissive": false
        }
      ]
    },
    {
      "aspects": [
        "decoration-ribbon",
        "cream-mint"
      ],
      "texture": "cobblemon:textures/pokemon/0869_alcremie/alcremie_ribbon_mint.png",
      "layers": [
        {
          "name": "decoration",
          "texture": "cobblemon:textures/pokemon/0869_alcremie/alcremie_ribbon_decoration.png",
          "emissive": false
        }
      ]
    },
    {
      "aspects": [
        "decoration-ribbon",
        "cream-lemon"
      ],
      "texture": "cobblemon:textures/pokemon/0869_alcremie/alcremie_ribbon_lemon.png",
      "layers": [
        {
          "name": "decoration",
          "texture": "cobblemon:textures/pokemon/0869_alcremie/alcremie_ribbon_decoration.png",
          "emissive": false
        }
      ]
    },
    {
      "aspects": [
        "decoration-ribbon",
        "cream-salted"
      ],
      "texture": "cobblemon:textures/pokemon/0869_alcremie/alcremie_ribbon_salted.png",
      "layers": [
        {
          "name": "decoration",
          "texture": "cobblemon:textures/pokemon/0869_alcremie/alcremie_ribbon_decoration.png",
          "emissive": false
        }
      ]
    },
    {
      "aspects": [
        "decoration-ribbon",
        "cream-ruby_swirl"
      ],
      "texture": "cobblemon:textures/pokemon/0869_alcremie/alcremie_ribbon_rubyswirl.png",
      "layers": [
        {
          "name": "decoration",
          "texture": "cobblemon:textures/pokemon/0869_alcremie/alcremie_ribbon_decoration.png",
          "emissive": false
        }
      ]
    },
    {
      "aspects": [
        "decoration-ribbon",
        "cream-caramel_swirl"
      ],
      "texture": "cobblemon:textures/pokemon/0869_alcremie/alcremie_ribbon_caramel.png",
      "layers": [
        {
          "name": "decoration",
          "texture": "cobblemon:textures/pokemon/0869_alcremie/alcremie_ribbon_decoration.png",
          "emissive": false
        }
      ]
    },
    {
      "aspects": [
        "decoration-ribbon",
        "cream-rainbow_swirl"
      ],
      "texture": "cobblemon:textures/pokemon/0869_alcremie/alcremie_ribbon_rainbowswirl.png",
      "layers": [
        {
          "name": "decoration",
          "texture": "cobblemon:textures/pokemon/0869_alcremie/alcremie_ribbon_decoration.png",
          "emissive": false
        }
      ]
    },
    {
      "aspects": [
        "decoration-ribbon",
        "shiny"
      ],
      "texture": "cobblemon:textures/pokemon/0869_alcremie/alcremie_ribbon_shiny.png",
      "layers": [
        {
          "name": "decoration",
          "texture": "cobblemon:textures/pokemon/0869_alcremie/alcremie_ribbon_decoration.png",
          "emissive": false
        }
      ]
    }
  ]
}