{
    "minecraft:music/game/ancestry": {
      "album": "Pokémon Ruby & Sapphire",
      "author": "Pokestir",
      "cover": "ruby",
      "customId": "musicnotification:mn.minecraft.music.game.ancestry",
      "title": "Route 110"
    },
    "minecraft:music/game/clark": {
      "album": "Pokémon Black & White",
      "author": "Zame",
      "cover": "white",
      "customId": "musicnotification:mn.minecraft.music.game.clark",
      "title": "Skyarrow Bridge"
    },
    "minecraft:music/game/comforting_memories": {
      "album": "Pokémon Emerald",
      "author": "Zame",
      "cover": "emerald",
      "customId": "musicnotification:mn.minecraft.music.game.comforting_memories",
      "title": "Oldale Town"
    },
    "minecraft:music/game/echo_in_the_wind": {
      "album": "Pokémon Diamond & Pearl",
      "author": "Pokestir",
      "cover": "diamond",
      "customId": "musicnotification:mn.minecraft.music.game.echo_in_the_wind",
      "title": "Route 209"
    },
    "minecraft:music/game/key": {
      "album": "Pokémon Emerald",
      "author": "Zame",
      "cover": "emerald",
      "customId": "musicnotification:mn.minecraft.music.game.key",
      "title": "Littleroot Town"
    },
    "minecraft:music/game/one_more_day": {
      "album": "Pokémon X & Y",
      "author": "Pokestir",
      "cover": "y",
      "customId": "musicnotification:mn.minecraft.music.game.one_more_day",
      "title": "Lumiose City"
    },
    "minecraft:music/game/oxygene": {
        "album": "Pokémon Yellow",
        "author": "Zame",
        "cover": "yellow",
        "customId": "musicnotification:mn.minecraft.music.game.oxygene",
        "title": "Pallet Town"
    },
    "minecraft:music/game/stand_tall": {
        "album": "Pokémon X & Y",
        "author": "Pokestir",
        "cover": "x",
        "customId": "musicnotification:mn.minecraft.music.game.stand_tall",
        "title": "Kalos Region"
    },
    "minecraft:music/game/wending": {
        "album": "Pokémon HeartGold & SoulSilver",
        "author": "Pokestir",
        "cover": "soulsilver",
        "customId": "musicnotification:mn.minecraft.music.game.wending",
        "title": "Surfing"
    },
    "minecraft:music/game/end/alpha": {
        "album": "Pokémon HeartGold & SoulSilver",
        "author": "Zame",
        "cover": "heartgold",
        "customId": "musicnotification:mn.minecraft.music.game.end.alpha",
        "title": "Ending Credits"
    },
    "minecraft:music/game/end/the_end": {
        "album": "Pokémon Gold/Silver/Crystal",
        "author": "Pokestir",
        "cover": "crystal",
        "customId": "musicnotification:mn.minecraft.music.game.end.the_end",
        "title": "Battle! Johto Gym"
    },
    "minecraft:music_disc.5": {
        "album": "Pokémon HeartGold & SoulSilver",
        "author": "Zame",
        "cover": "heartgold",
        "title": "Lavandonia"
    },
    "minecraft:music_disc.chirp": {
        "album": "Pokémon Yellow",
        "author": "Zame",
        "cover": "yellow",
        "title": "Pokémon Center"
    },
    "minecraft:music_disc.mall": {
        "album": "Pokémon Diamond & Pearl",
        "author": "Zame",
        "cover": "pearl",
        "title": "Poké Mart"
    },
    "minecraft:music_disc.mellohi": {
        "album": "Pokémon Gold/Silver/Crystal",
        "author": "Zame",
        "cover": "gold",
        "title": "Lullaby"
    },
    "minecraft:music_disc.precipice": {
        "album": "Pokémon Yellow",
        "author": "Zame",
        "cover": "yellow",
        "title": "Lavender Town"
    },
    "minecraft:music_disc.relic": {
        "album": "Pokémon HeartGold & SoulSilver",
        "author": "Pokestir",
        "cover": "heartgold",
        "title": "Oak's Laboratory"
    },
    "minecraft:music_disc.stal": {
        "album": "Pokémon Diamond & Pearl",
        "author": "Pokestir",
        "cover": "diamond",
        "title": "Game Corner"
    },
    "minecraft:music_disc.strad": {
        "album": "Pokémon HeartGold & SoulSilver",
        "author": "Pokestir",
        "cover": "heartgold",
        "title": "Radio March"
    },
    "minecraft:music_disc.wait": {
        "album": "Pokémon Yellow",
        "author": "Pokestir",
        "cover": "yellow",
        "title": "Bike Theme"
    },
    "minecraft:music_disc.ward": {
        "album": "Pokémon Yellow",
        "author": "Zame",
        "cover": "yellow",
        "title": "Pokémon Tower"
    }
}