{
  "species": "cobblemon:pikachu",
  "order": 1,
  "variations": [
    {
      "aspects": [
        "region-bias-alola"
      ],
      "poser": "cobblemon:pikachu_alolan",
      "model": "cobblemon:pikachu_alola_bias_male.geo",
      "texture": "cobblemon:textures/pokemon/0025_pikachu/pikachu_alola_bias.png",
      "layers": [
        {
          "name": "emissive",
          "texture": "cobblemon:textures/pokemon/0025_pikachu/pikachu_emissive.png",
          "emissive": true,
          "translucent": false
        }
      ]
    },
    {
      "aspects": [
        "region-bias-alola",
        "shiny"
      ],
      "texture": "cobblemon:textures/pokemon/0025_pikachu/pikachu_alola_bias_shiny.png",
      "layers": [
        {
          "name": "emissive",
          "texture": "cobblemon:textures/pokemon/0025_pikachu/pikachu_emissive_shiny.png",
          "emissive": true,
          "translucent": false
        }
      ]
    },
    {
      "aspects": [
        "region-bias-alola",
        "female"
      ],
      "poser": "cobblemon:pikachu_alolan",
      "model": "cobblemon:pikachu_alola_bias_female.geo",
      "texture": "cobblemon:textures/pokemon/0025_pikachu/pikachu_alola_bias_female.png",
      "layers": [
        {
          "name": "emissive",
          "texture": "cobblemon:textures/pokemon/0025_pikachu/pikachu_emissive.png",
          "emissive": true,
          "translucent": false
        }
      ]
    },
    {
      "aspects": [
        "region-bias-alola",
        "female",
        "shiny"
      ],
      "texture": "cobblemon:textures/pokemon/0025_pikachu/pikachu_alola_bias_female_shiny.png",
      "layers": [
        {
          "name": "emissive",
          "texture": "cobblemon:textures/pokemon/0025_pikachu/pikachu_emissive_shiny.png",
          "emissive": true,
          "translucent": false
        }
      ]
    },
    {
      "aspects": [
        "region-bias-alola",
        "cosmetic_item-rage_candy_bar"
      ],
      "model": "cobblemon:pikachu_cap_male.geo",
      "texture": "cobblemon:textures/pokemon/0025_pikachu/pikachu_alola_bias_original.png",
      "layers": [
        {
          "name": "original",
          "texture": "cobblemon:textures/pokemon/0025_pikachu/pikachu_cap_original.png"
        }
      ]
    },
    {
      "aspects": [
        "region-bias-alola",
        "cosmetic_item-pewter_crunchies"
      ],
      "model": "cobblemon:pikachu_cap_male.geo",
      "texture": "cobblemon:textures/pokemon/0025_pikachu/pikachu_alola_bias_partner.png",
      "layers": [
        {
          "name": "partner",
          "texture": "cobblemon:textures/pokemon/0025_pikachu/pikachu_cap_partner.png"
        }
      ]
    },
    {
      "aspects": [
        "region-bias-alola",
        "cosmetic_item-lava_cookie"
      ],
      "model": "cobblemon:pikachu_cap_male.geo",
      "texture": "cobblemon:textures/pokemon/0025_pikachu/pikachu_alola_bias_hoenn.png",
      "layers": [
        {
          "name": "hoenn",
          "texture": "cobblemon:textures/pokemon/0025_pikachu/pikachu_cap_hoenn.png"
        }
      ]
    },
    {
      "aspects": [
        "region-bias-alola",
        "cosmetic_item-old_gateau"
      ],
      "model": "cobblemon:pikachu_cap_male.geo",
      "texture": "cobblemon:textures/pokemon/0025_pikachu/pikachu_alola_bias_sinnoh.png",
      "layers": [
        {
          "name": "sinnoh",
          "texture": "cobblemon:textures/pokemon/0025_pikachu/pikachu_cap_sinnoh.png"
        }
      ]
    },
    {
      "aspects": [
        "region-bias-alola",
        "cosmetic_item-casteliacone"
      ],
      "model": "cobblemon:pikachu_cap_male.geo",
      "texture": "cobblemon:textures/pokemon/0025_pikachu/pikachu_alola_bias_unova.png",
      "layers": [
        {
          "name": "unova",
          "texture": "cobblemon:textures/pokemon/0025_pikachu/pikachu_cap_unova.png"
        }
      ]
    },
    {
      "aspects": [
        "region-bias-alola",
        "cosmetic_item-lumiose_galette"
      ],
      "model": "cobblemon:pikachu_cap_male.geo",
      "texture": "cobblemon:textures/pokemon/0025_pikachu/pikachu_alola_bias_kalos.png",
      "layers": [
        {
          "name": "kalos",
          "texture": "cobblemon:textures/pokemon/0025_pikachu/pikachu_cap_kalos.png"
        }
      ]
    },
    {
      "aspects": [
        "region-bias-alola",
        "cosmetic_item-big_malasada"
      ],
      "model": "cobblemon:pikachu_cap_male.geo",
      "texture": "cobblemon:textures/pokemon/0025_pikachu/pikachu_alola_bias_alola.png",
      "layers": [
        {
          "name": "alola",
          "texture": "cobblemon:textures/pokemon/0025_pikachu/pikachu_cap_alola.png"
        }
      ]
    },
    {
      "aspects": [
        "region-bias-alola",
        "cosmetic_item-smoked_tail_curry"
      ],
      "model": "cobblemon:pikachu_cap_male.geo",
      "texture": "cobblemon:textures/pokemon/0025_pikachu/pikachu_alola_bias_world.png",
      "layers": [
        {
          "name": "world",
          "texture": "cobblemon:textures/pokemon/0025_pikachu/pikachu_cap_world.png"
        }
      ]
    },
    {
      "aspects": [
        "region-bias-alola",
        "cosmetic_item-compass"
      ],
      "model": "cobblemon:pikachu_captain_male.geo",
      "texture": "cobblemon:textures/pokemon/0025_pikachu/pikachu_alola_bias_cap.png",
      "layers": [
        {
          "name": "captain",
          "texture": "cobblemon:textures/pokemon/0025_pikachu/pikachu_captain.png"
        }
      ]
    },
    {
      "aspects": [
        "region-bias-alola",
        "cosmetic_item-shears"
      ],
      "model": "cobblemon:pikachu_fluff_male.geo",
      "texture": "cobblemon:textures/pokemon/0025_pikachu/pikachu_alola_bias_fluff.png"
    },
    {
      "aspects": [
        "region-bias-alola",
        "cosmetic_item-leather_helmet"
      ],
      "model": "cobblemon:pikachu_detective_male.geo",
      "texture": "cobblemon:textures/pokemon/0025_pikachu/pikachu_alola_bias_harry.png",
      "layers": [
        {
          "name": "detective",
          "texture": "cobblemon:textures/pokemon/0025_pikachu/pikachu_detective.png"
        }
      ]
    },
    {
      "aspects": [
        "region-bias-alola",
        "cosmetic_item-sinister_tea"
      ],
      "model": "cobblemon:pikachu_detective_male.geo",
      "texture": "cobblemon:textures/pokemon/0025_pikachu/pikachu_alola_bias_harry.png",
      "layers": [
        {
          "name": "detective",
          "texture": "cobblemon:textures/pokemon/0025_pikachu/pikachu_detective.png"
        }
      ]
    },
    {
      "aspects": [
        "region-bias-alola",
        "cosmetic_item-cocoa_beans"
      ],
      "model": "cobblemon:pikachu_detective_male.geo",
      "texture": "cobblemon:textures/pokemon/0025_pikachu/pikachu_alola_bias_harry.png",
      "layers": [
        {
          "name": "detective",
          "texture": "cobblemon:textures/pokemon/0025_pikachu/pikachu_detective.png"
        }
      ]
    },
    {
      "aspects": [
        "region-bias-alola",
        "cosmetic_item-rage_candy_bar",
        "female"
      ],
      "model": "cobblemon:pikachu_cap_female.geo",
      "texture": "cobblemon:textures/pokemon/0025_pikachu/pikachu_alola_bias_female_original.png",
      "layers": [
        {
          "name": "original",
          "texture": "cobblemon:textures/pokemon/0025_pikachu/pikachu_cap_original.png"
        }
      ]
    },
    {
      "aspects": [
        "region-bias-alola",
        "cosmetic_item-pewter_crunchies",
        "female"
      ],
      "model": "cobblemon:pikachu_cap_female.geo",
      "texture": "cobblemon:textures/pokemon/0025_pikachu/pikachu_alola_bias_female_partner.png",
      "layers": [
        {
          "name": "partner",
          "texture": "cobblemon:textures/pokemon/0025_pikachu/pikachu_cap_partner.png"
        }
      ]
    },
    {
      "aspects": [
        "region-bias-alola",
        "cosmetic_item-lava_cookie",
        "female"
      ],
      "model": "cobblemon:pikachu_cap_female.geo",
      "texture": "cobblemon:textures/pokemon/0025_pikachu/pikachu_alola_bias_female_hoenn.png",
      "layers": [
        {
          "name": "hoenn",
          "texture": "cobblemon:textures/pokemon/0025_pikachu/pikachu_cap_hoenn.png"
        }
      ]
    },
    {
      "aspects": [
        "region-bias-alola",
        "cosmetic_item-old_gateau",
        "female"
      ],
      "model": "cobblemon:pikachu_cap_female.geo",
      "texture": "cobblemon:textures/pokemon/0025_pikachu/pikachu_alola_bias_female_sinnoh.png",
      "layers": [
        {
          "name": "sinnoh",
          "texture": "cobblemon:textures/pokemon/0025_pikachu/pikachu_cap_sinnoh.png"
        }
      ]
    },
    {
      "aspects": [
        "region-bias-alola",
        "cosmetic_item-casteliacone",
        "female"
      ],
      "model": "cobblemon:pikachu_cap_female.geo",
      "texture": "cobblemon:textures/pokemon/0025_pikachu/pikachu_alola_bias_female_unova.png",
      "layers": [
        {
          "name": "unova",
          "texture": "cobblemon:textures/pokemon/0025_pikachu/pikachu_cap_unova.png"
        }
      ]
    },
    {
      "aspects": [
        "region-bias-alola",
        "cosmetic_item-lumiose_galette",
        "female"
      ],
      "model": "cobblemon:pikachu_cap_female.geo",
      "texture": "cobblemon:textures/pokemon/0025_pikachu/pikachu_alola_bias_female_kalos.png",
      "layers": [
        {
          "name": "kalos",
          "texture": "cobblemon:textures/pokemon/0025_pikachu/pikachu_cap_kalos.png"
        }
      ]
    },
    {
      "aspects": [
        "region-bias-alola",
        "cosmetic_item-big_malasada",
        "female"
      ],
      "model": "cobblemon:pikachu_cap_female.geo",
      "texture": "cobblemon:textures/pokemon/0025_pikachu/pikachu_alola_bias_female_alola.png",
      "layers": [
        {
          "name": "alola",
          "texture": "cobblemon:textures/pokemon/0025_pikachu/pikachu_cap_alola.png"
        }
      ]
    },
    {
      "aspects": [
        "region-bias-alola",
        "cosmetic_item-smoked_tail_curry",
        "female"
      ],
      "model": "cobblemon:pikachu_cap_female.geo",
      "texture": "cobblemon:textures/pokemon/0025_pikachu/pikachu_alola_bias_female_world.png",
      "layers": [
        {
          "name": "world",
          "texture": "cobblemon:textures/pokemon/0025_pikachu/pikachu_cap_world.png"
        }
      ]
    },
    {
      "aspects": [
        "region-bias-alola",
        "cosmetic_item-compass",
        "female"
      ],
      "model": "cobblemon:pikachu_captain_female.geo",
      "texture": "cobblemon:textures/pokemon/0025_pikachu/pikachu_alola_bias_female_cap.png",
      "layers": [
        {
          "name": "captain",
          "texture": "cobblemon:textures/pokemon/0025_pikachu/pikachu_captain.png"
        }
      ]
    },
    {
      "aspects": [
        "region-bias-alola",
        "cosmetic_item-shears",
        "female"
      ],
      "model": "cobblemon:pikachu_fluff_female.geo",
      "texture": "cobblemon:textures/pokemon/0025_pikachu/pikachu_alola_bias_female_fluff.png"
    },
    {
      "aspects": [
        "region-bias-alola",
        "cosmetic_item-leather_helmet",
        "female"
      ],
      "model": "cobblemon:pikachu_detective_female.geo",
      "texture": "cobblemon:textures/pokemon/0025_pikachu/pikachu_alola_bias_female_harry.png",
      "layers": [
        {
          "name": "detective",
          "texture": "cobblemon:textures/pokemon/0025_pikachu/pikachu_detective.png"
        }
      ]
    },
    {
      "aspects": [
        "region-bias-alola",
        "cosmetic_item-sinister_tea",
        "female"
      ],
      "model": "cobblemon:pikachu_detective_female.geo",
      "texture": "cobblemon:textures/pokemon/0025_pikachu/pikachu_alola_bias_female_harry.png",
      "layers": [
        {
          "name": "detective",
          "texture": "cobblemon:textures/pokemon/0025_pikachu/pikachu_detective.png"
        }
      ]
    },
    {
      "aspects": [
        "region-bias-alola",
        "cosmetic_item-cocoa_beans",
        "female"
      ],
      "model": "cobblemon:pikachu_detective_female.geo",
      "texture": "cobblemon:textures/pokemon/0025_pikachu/pikachu_alola_bias_female_harry.png",
      "layers": [
        {
          "name": "detective",
          "texture": "cobblemon:textures/pokemon/0025_pikachu/pikachu_detective.png"
        }
      ]
    },
    {
      "aspects": [
        "region-bias-alola",
        "cosmetic_item-rage_candy_bar",
        "shiny"
      ],
      "model": "cobblemon:pikachu_cap_male.geo",
      "texture": "cobblemon:textures/pokemon/0025_pikachu/pikachu_alola_bias_original_shiny.png",
      "layers": [
        {
          "name": "original",
          "texture": "cobblemon:textures/pokemon/0025_pikachu/pikachu_cap_original.png"
        }
      ]
    },
    {
      "aspects": [
        "region-bias-alola",
        "cosmetic_item-pewter_crunchies",
        "shiny"
      ],
      "model": "cobblemon:pikachu_cap_male.geo",
      "texture": "cobblemon:textures/pokemon/0025_pikachu/pikachu_alola_bias_partner_shiny.png",
      "layers": [
        {
          "name": "partner",
          "texture": "cobblemon:textures/pokemon/0025_pikachu/pikachu_cap_partner.png"
        }
      ]
    },
    {
      "aspects": [
        "region-bias-alola",
        "cosmetic_item-lava_cookie",
        "shiny"
      ],
      "model": "cobblemon:pikachu_cap_male.geo",
      "texture": "cobblemon:textures/pokemon/0025_pikachu/pikachu_alola_bias_hoenn_shiny.png",
      "layers": [
        {
          "name": "hoenn",
          "texture": "cobblemon:textures/pokemon/0025_pikachu/pikachu_cap_hoenn.png"
        }
      ]
    },
    {
      "aspects": [
        "region-bias-alola",
        "cosmetic_item-old_gateau",
        "shiny"
      ],
      "model": "cobblemon:pikachu_cap_male.geo",
      "texture": "cobblemon:textures/pokemon/0025_pikachu/pikachu_alola_bias_sinnoh_shiny.png",
      "layers": [
        {
          "name": "sinnoh",
          "texture": "cobblemon:textures/pokemon/0025_pikachu/pikachu_cap_sinnoh.png"
        }
      ]
    },
    {
      "aspects": [
        "region-bias-alola",
        "cosmetic_item-casteliacone",
        "shiny"
      ],
      "model": "cobblemon:pikachu_cap_male.geo",
      "texture": "cobblemon:textures/pokemon/0025_pikachu/pikachu_alola_bias_unova_shiny.png",
      "layers": [
        {
          "name": "unova",
          "texture": "cobblemon:textures/pokemon/0025_pikachu/pikachu_cap_unova.png"
        }
      ]
    },
    {
      "aspects": [
        "region-bias-alola",
        "cosmetic_item-lumiose_galette",
        "shiny"
      ],
      "model": "cobblemon:pikachu_cap_male.geo",
      "texture": "cobblemon:textures/pokemon/0025_pikachu/pikachu_alola_bias_kalos_shiny.png",
      "layers": [
        {
          "name": "kalos",
          "texture": "cobblemon:textures/pokemon/0025_pikachu/pikachu_cap_kalos.png"
        }
      ]
    },
    {
      "aspects": [
        "region-bias-alola",
        "cosmetic_item-big_malasada",
        "shiny"
      ],
      "model": "cobblemon:pikachu_cap_male.geo",
      "texture": "cobblemon:textures/pokemon/0025_pikachu/pikachu_alola_bias_alola_shiny.png",
      "layers": [
        {
          "name": "alola",
          "texture": "cobblemon:textures/pokemon/0025_pikachu/pikachu_cap_alola.png"
        }
      ]
    },
    {
      "aspects": [
        "region-bias-alola",
        "cosmetic_item-smoked_tail_curry",
        "shiny"
      ],
      "model": "cobblemon:pikachu_cap_male.geo",
      "texture": "cobblemon:textures/pokemon/0025_pikachu/pikachu_alola_bias_world_shiny.png",
      "layers": [
        {
          "name": "world",
          "texture": "cobblemon:textures/pokemon/0025_pikachu/pikachu_cap_world.png"
        }
      ]
    },
    {
      "aspects": [
        "region-bias-alola",
        "cosmetic_item-compass",
        "shiny"
      ],
      "model": "cobblemon:pikachu_captain_male.geo",
      "texture": "cobblemon:textures/pokemon/0025_pikachu/pikachu_alola_bias_cap_shiny.png",
      "layers": [
        {
          "name": "captain",
          "texture": "cobblemon:textures/pokemon/0025_pikachu/pikachu_captain.png"
        }
      ]
    },
    {
      "aspects": [
        "region-bias-alola",
        "cosmetic_item-shears",
        "shiny"
      ],
      "model": "cobblemon:pikachu_fluff_male.geo",
      "texture": "cobblemon:textures/pokemon/0025_pikachu/pikachu_alola_bias_fluff_shiny.png"
    },
    {
      "aspects": [
        "region-bias-alola",
        "cosmetic_item-leather_helmet",
        "shiny"
      ],
      "model": "cobblemon:pikachu_detective_male.geo",
      "texture": "cobblemon:textures/pokemon/0025_pikachu/pikachu_alola_bias_harry_shiny.png",
      "layers": [
        {
          "name": "detective",
          "texture": "cobblemon:textures/pokemon/0025_pikachu/pikachu_detective.png"
        }
      ]
    },
    {
      "aspects": [
        "region-bias-alola",
        "cosmetic_item-sinister_tea",
        "shiny"
      ],
      "model": "cobblemon:pikachu_detective_male.geo",
      "texture": "cobblemon:textures/pokemon/0025_pikachu/pikachu_alola_bias_harry_shiny.png",
      "layers": [
        {
          "name": "detective",
          "texture": "cobblemon:textures/pokemon/0025_pikachu/pikachu_detective.png"
        }
      ]
    },
    {
      "aspects": [
        "region-bias-alola",
        "cosmetic_item-cocoa_beans",
        "shiny"
      ],
      "model": "cobblemon:pikachu_detective_male.geo",
      "texture": "cobblemon:textures/pokemon/0025_pikachu/pikachu_alola_bias_harry_shiny.png",
      "layers": [
        {
          "name": "detective",
          "texture": "cobblemon:textures/pokemon/0025_pikachu/pikachu_detective.png"
        }
      ]
    },
    {
      "aspects": [
        "region-bias-alola",
        "cosmetic_item-rage_candy_bar",
        "female",
        "shiny"
      ],
      "model": "cobblemon:pikachu_cap_female.geo",
      "texture": "cobblemon:textures/pokemon/0025_pikachu/pikachu_alola_bias_female_original_shiny.png",
      "layers": [
        {
          "name": "original",
          "texture": "cobblemon:textures/pokemon/0025_pikachu/pikachu_cap_original.png"
        }
      ]
    },
    {
      "aspects": [
        "region-bias-alola",
        "cosmetic_item-pewter_crunchies",
        "female",
        "shiny"
      ],
      "model": "cobblemon:pikachu_cap_female.geo",
      "texture": "cobblemon:textures/pokemon/0025_pikachu/pikachu_alola_bias_female_partner_shiny.png",
      "layers": [
        {
          "name": "partner",
          "texture": "cobblemon:textures/pokemon/0025_pikachu/pikachu_cap_partner.png"
        }
      ]
    },
    {
      "aspects": [
        "region-bias-alola",
        "cosmetic_item-lava_cookie",
        "female",
        "shiny"
      ],
      "model": "cobblemon:pikachu_cap_female.geo",
      "texture": "cobblemon:textures/pokemon/0025_pikachu/pikachu_alola_bias_female_hoenn_shiny.png",
      "layers": [
        {
          "name": "hoenn",
          "texture": "cobblemon:textures/pokemon/0025_pikachu/pikachu_cap_hoenn.png"
        }
      ]
    },
    {
      "aspects": [
        "region-bias-alola",
        "cosmetic_item-old_gateau",
        "female",
        "shiny"
      ],
      "model": "cobblemon:pikachu_cap_female.geo",
      "texture": "cobblemon:textures/pokemon/0025_pikachu/pikachu_alola_bias_female_sinnoh_shiny.png",
      "layers": [
        {
          "name": "sinnoh",
          "texture": "cobblemon:textures/pokemon/0025_pikachu/pikachu_cap_sinnoh.png"
        }
      ]
    },
    {
      "aspects": [
        "region-bias-alola",
        "cosmetic_item-casteliacone",
        "female",
        "shiny"
      ],
      "model": "cobblemon:pikachu_cap_female.geo",
      "texture": "cobblemon:textures/pokemon/0025_pikachu/pikachu_alola_bias_female_unova_shiny.png",
      "layers": [
        {
          "name": "unova",
          "texture": "cobblemon:textures/pokemon/0025_pikachu/pikachu_cap_unova.png"
        }
      ]
    },
    {
      "aspects": [
        "region-bias-alola",
        "cosmetic_item-lumiose_galette",
        "female",
        "shiny"
      ],
      "model": "cobblemon:pikachu_cap_female.geo",
      "texture": "cobblemon:textures/pokemon/0025_pikachu/pikachu_alola_bias_female_kalos_shiny.png",
      "layers": [
        {
          "name": "kalos",
          "texture": "cobblemon:textures/pokemon/0025_pikachu/pikachu_cap_kalos.png"
        }
      ]
    },
    {
      "aspects": [
        "region-bias-alola",
        "cosmetic_item-big_malasada",
        "female",
        "shiny"
      ],
      "model": "cobblemon:pikachu_cap_female.geo",
      "texture": "cobblemon:textures/pokemon/0025_pikachu/pikachu_alola_bias_female_alola_shiny.png",
      "layers": [
        {
          "name": "alola",
          "texture": "cobblemon:textures/pokemon/0025_pikachu/pikachu_cap_alola.png"
        }
      ]
    },
    {
      "aspects": [
        "region-bias-alola",
        "cosmetic_item-smoked_tail_curry",
        "female",
        "shiny"
      ],
      "model": "cobblemon:pikachu_cap_female.geo",
      "texture": "cobblemon:textures/pokemon/0025_pikachu/pikachu_alola_bias_female_world_shiny.png",
      "layers": [
        {
          "name": "world",
          "texture": "cobblemon:textures/pokemon/0025_pikachu/pikachu_cap_world.png"
        }
      ]
    },
    {
      "aspects": [
        "region-bias-alola",
        "cosmetic_item-compass",
        "female",
        "shiny"
      ],
      "model": "cobblemon:pikachu_captain_female.geo",
      "texture": "cobblemon:textures/pokemon/0025_pikachu/pikachu_alola_bias_female_cap_shiny.png",
      "layers": [
        {
          "name": "captain",
          "texture": "cobblemon:textures/pokemon/0025_pikachu/pikachu_captain.png"
        }
      ]
    },
    {
      "aspects": [
        "region-bias-alola",
        "cosmetic_item-shears",
        "female",
        "shiny"
      ],
      "model": "cobblemon:pikachu_fluff_female.geo",
      "texture": "cobblemon:textures/pokemon/0025_pikachu/pikachu_alola_bias_female_fluff_shiny.png"
    },
    {
      "aspects": [
        "region-bias-alola",
        "cosmetic_item-leather_helmet",
        "female",
        "shiny"
      ],
      "model": "cobblemon:pikachu_detective_female.geo",
      "texture": "cobblemon:textures/pokemon/0025_pikachu/pikachu_alola_bias_female_harry_shiny.png",
      "layers": [
        {
          "name": "detective",
          "texture": "cobblemon:textures/pokemon/0025_pikachu/pikachu_detective.png"
        }
      ]
    },
    {
      "aspects": [
        "region-bias-alola",
        "cosmetic_item-sinister_tea",
        "female",
        "shiny"
      ],
      "model": "cobblemon:pikachu_detective_female.geo",
      "texture": "cobblemon:textures/pokemon/0025_pikachu/pikachu_alola_bias_female_harry_shiny.png",
      "layers": [
        {
          "name": "detective",
          "texture": "cobblemon:textures/pokemon/0025_pikachu/pikachu_detective.png"
        }
      ]
    },
    {
      "aspects": [
        "region-bias-alola",
        "cosmetic_item-cocoa_beans",
        "female",
        "shiny"
      ],
      "model": "cobblemon:pikachu_detective_female.geo",
      "texture": "cobblemon:textures/pokemon/0025_pikachu/pikachu_alola_bias_female_harry_shiny.png",
      "layers": [
        {
          "name": "detective",
          "texture": "cobblemon:textures/pokemon/0025_pikachu/pikachu_detective.png"
        }
      ]
    }
  ]
}