{
  "species": "cobblemon:kadabra",
  "order": 0,
  "variations": [
    {
      "aspects": [],
      "poser": "cobblemon:kadabra_male",
      "model": "cobblemon:kadabra_male.geo",
      "texture": "cobblemon:textures/pokemon/0064_kadabra/kadabra.png",
      "layers": []
    },
    {
      "aspects": [
        "shiny"
      ],
      "texture": "cobblemon:textures/pokemon/0064_kadabra/kadabra_shiny.png"
    },
    {
      "aspects": [
        "female"
      ],
      "poser": "cobblemon:kadabra_female",
      "model": "cobblemon:kadabra_female.geo",
      "texture": "cobblemon:textures/pokemon/0064_kadabra/kadabra_female.png"
    },
    {
      "aspects": [
        "female",
        "shiny"
      ],
      "texture": "cobblemon:textures/pokemon/0064_kadabra/kadabra_female_shiny.png"
    }
  ]
}