{
  "species": "cobblemon:gholdengo",
  "order": 0,
  "variations": [
    {
      "aspects": [],
      "poser": "cobblemon:gholdengo",
      "model": "cobblemon:gholdengo.geo",
      "texture": "cobblemon:textures/pokemon/1000_gholdengo/gholdengo.png",
      "layers": []
    },
    {
      "aspects": [
        "shiny"
      ],
      "texture": "cobblemon:textures/pokemon/1000_gholdengo/gholdengo_shiny.png"
    },
    {
      "aspects": [
        "netherite-coating-stage1"
      ],
      "texture": "cobblemon:textures/pokemon/1000_gholdengo/gholdengo_netherite_stage1.png",
      "layers": [
        {
          "name": "netherite",
          "texture": "cobblemon:textures/pokemon/1000_gholdengo/gholdengo_netherite_layer1.png"
        }
      ]
    },
    {
      "aspects": [
        "netherite-coating-stage2"
      ],
      "texture": "cobblemon:textures/pokemon/1000_gholdengo/gholdengo_netherite_stage2.png",
      "layers": [
        {
          "name": "netherite",
          "texture": "cobblemon:textures/pokemon/1000_gholdengo/gholdengo_netherite_layer2.png"
        }
      ]
    },
    {
      "aspects": [
        "netherite-coating-stage3"
      ],
      "texture": "cobblemon:textures/pokemon/1000_gholdengo/gholdengo_netherite_stage3.png",
      "layers": [
        {
          "name": "netherite",
          "texture": "cobblemon:textures/pokemon/1000_gholdengo/gholdengo_netherite_layer3.png"
        }
      ]
    },
    {
      "aspects": [
        "netherite-coating-stage4"
      ],
      "texture": "cobblemon:textures/pokemon/1000_gholdengo/gholdengo_netherite_stage4.png",
      "layers": [
        {
          "name": "netherite",
          "texture": "cobblemon:textures/pokemon/1000_gholdengo/gholdengo_netherite_layer4.png"
        }
      ]
    },
    {
      "aspects": [
        "netherite-coating-stage5"
      ],
      "texture": "cobblemon:textures/pokemon/1000_gholdengo/gholdengo_netherite_stage5.png",
      "layers": [
        {
          "name": "netherite",
          "texture": "cobblemon:textures/pokemon/1000_gholdengo/gholdengo_netherite_layer5.png"
        }
      ]
    },
    {
      "aspects": [
        "netherite-coating-stage6"
      ],
      "texture": "cobblemon:textures/pokemon/1000_gholdengo/gholdengo_netherite_stage6.png",
      "layers": [
        {
          "name": "netherite",
          "texture": "cobblemon:textures/pokemon/1000_gholdengo/gholdengo_netherite_layer6.png"
        }
      ]
    },
    {
      "aspects": [
        "netherite-coating-stage7"
      ],
      "texture": "cobblemon:textures/pokemon/1000_gholdengo/gholdengo_netherite_stage7.png",
      "layers": [
        {
          "name": "netherite",
          "texture": "cobblemon:textures/pokemon/1000_gholdengo/gholdengo_netherite_layer7.png"
        }
      ]
    },
    {
      "aspects": [
        "netherite-coating-full"
      ],
      "texture": "cobblemon:textures/pokemon/1000_gholdengo/gholdengo_netherite_full.png",
      "layers": [
        {
          "name": "netherite",
          "texture": "cobblemon:textures/pokemon/1000_gholdengo/gholdengo_netherite.png"
        }
      ]
    },
    {
      "aspects": [
        "netherite-coating-stage1",
        "shiny"
      ],
      "texture": "cobblemon:textures/pokemon/1000_gholdengo/gholdengo_netherite_stage1_shiny.png"
    },
    {
      "aspects": [
        "netherite-coating-stage2",
        "shiny"
      ],
      "texture": "cobblemon:textures/pokemon/1000_gholdengo/gholdengo_netherite_stage2_shiny.png"
    },
    {
      "aspects": [
        "netherite-coating-stage3",
        "shiny"
      ],
      "texture": "cobblemon:textures/pokemon/1000_gholdengo/gholdengo_netherite_stage3_shiny.png"
    },
    {
      "aspects": [
        "netherite-coating-stage4",
        "shiny"
      ],
      "texture": "cobblemon:textures/pokemon/1000_gholdengo/gholdengo_netherite_stage4_shiny.png"
    },
    {
      "aspects": [
        "netherite-coating-stage5",
        "shiny"
      ],
      "texture": "cobblemon:textures/pokemon/1000_gholdengo/gholdengo_netherite_stage5_shiny.png"
    },
    {
      "aspects": [
        "netherite-coating-stage6",
        "shiny"
      ],
      "texture": "cobblemon:textures/pokemon/1000_gholdengo/gholdengo_netherite_stage6_shiny.png"
    },
    {
      "aspects": [
        "netherite-coating-stage7",
        "shiny"
      ],
      "texture": "cobblemon:textures/pokemon/1000_gholdengo/gholdengo_netherite_stage7_shiny.png"
    },
    {
      "aspects": [
        "netherite-coating-full",
        "shiny"
      ],
      "texture": "cobblemon:textures/pokemon/1000_gholdengo/gholdengo_netherite_full_shiny.png"
    },
    {
      "aspects": [
        "red-gilded-chest"
      ],
      "texture": "cobblemon:textures/pokemon/1000_gholdengo/gholdengo_red.png",
      "layers": [
        {
          "name": "chest",
          "texture": "cobblemon:textures/pokemon/1000_gholdengo/gholdengo_chest_red.png"
        }
      ]
    },
    {
      "aspects": [
        "red-gilded-chest",
        "shiny"
      ],
      "texture": "cobblemon:textures/pokemon/1000_gholdengo/gholdengo_red_shiny.png"
    },
    {
      "aspects": [
        "red-gilded-chest",
        "netherite-coating-stage1"
      ],
      "texture": "cobblemon:textures/pokemon/1000_gholdengo/gholdengo_red_netherite_stage1.png"
    },
    {
      "aspects": [
        "red-gilded-chest",
        "netherite-coating-stage2"
      ],
      "texture": "cobblemon:textures/pokemon/1000_gholdengo/gholdengo_red_netherite_stage2.png"
    },
    {
      "aspects": [
        "red-gilded-chest",
        "netherite-coating-stage3"
      ],
      "texture": "cobblemon:textures/pokemon/1000_gholdengo/gholdengo_red_netherite_stage3.png"
    },
    {
      "aspects": [
        "red-gilded-chest",
        "netherite-coating-stage4"
      ],
      "texture": "cobblemon:textures/pokemon/1000_gholdengo/gholdengo_red_netherite_stage4.png"
    },
    {
      "aspects": [
        "red-gilded-chest",
        "netherite-coating-stage5"
      ],
      "texture": "cobblemon:textures/pokemon/1000_gholdengo/gholdengo_red_netherite_stage5.png"
    },
    {
      "aspects": [
        "red-gilded-chest",
        "netherite-coating-stage6"
      ],
      "texture": "cobblemon:textures/pokemon/1000_gholdengo/gholdengo_red_netherite_stage6.png"
    },
    {
      "aspects": [
        "red-gilded-chest",
        "netherite-coating-stage7"
      ],
      "texture": "cobblemon:textures/pokemon/1000_gholdengo/gholdengo_red_netherite_stage7.png"
    },
    {
      "aspects": [
        "red-gilded-chest",
        "netherite-coating-full"
      ],
      "texture": "cobblemon:textures/pokemon/1000_gholdengo/gholdengo_red_netherite_full.png"
    },
    {
      "aspects": [
        "red-gilded-chest",
        "netherite-coating-stage1",
        "shiny"
      ],
      "texture": "cobblemon:textures/pokemon/1000_gholdengo/gholdengo_red_netherite_stage1_shiny.png"
    },
    {
      "aspects": [
        "red-gilded-chest",
        "netherite-coating-stage2",
        "shiny"
      ],
      "texture": "cobblemon:textures/pokemon/1000_gholdengo/gholdengo_red_netherite_stage2_shiny.png"
    },
    {
      "aspects": [
        "red-gilded-chest",
        "netherite-coating-stage3",
        "shiny"
      ],
      "texture": "cobblemon:textures/pokemon/1000_gholdengo/gholdengo_red_netherite_stage3_shiny.png"
    },
    {
      "aspects": [
        "red-gilded-chest",
        "netherite-coating-stage4",
        "shiny"
      ],
      "texture": "cobblemon:textures/pokemon/1000_gholdengo/gholdengo_red_netherite_stage4_shiny.png"
    },
    {
      "aspects": [
        "red-gilded-chest",
        "netherite-coating-stage5",
        "shiny"
      ],
      "texture": "cobblemon:textures/pokemon/1000_gholdengo/gholdengo_red_netherite_stage5_shiny.png"
    },
    {
      "aspects": [
        "red-gilded-chest",
        "netherite-coating-stage6",
        "shiny"
      ],
      "texture": "cobblemon:textures/pokemon/1000_gholdengo/gholdengo_red_netherite_stage6_shiny.png"
    },
    {
      "aspects": [
        "red-gilded-chest",
        "netherite-coating-stage7",
        "shiny"
      ],
      "texture": "cobblemon:textures/pokemon/1000_gholdengo/gholdengo_red_netherite_stage7_shiny.png"
    },
    {
      "aspects": [
        "red-gilded-chest",
        "netherite-coating-full",
        "shiny"
      ],
      "texture": "cobblemon:textures/pokemon/1000_gholdengo/gholdengo_red_netherite_full_shiny.png"
    },
    {
      "aspects": [
        "yellow-gilded-chest"
      ],
      "texture": "cobblemon:textures/pokemon/1000_gholdengo/gholdengo_yellow.png",
      "layers": [
        {
          "name": "chest",
          "texture": "cobblemon:textures/pokemon/1000_gholdengo/gholdengo_chest_yellow.png"
        }
      ]
    },
    {
      "aspects": [
        "yellow-gilded-chest",
        "shiny"
      ],
      "texture": "cobblemon:textures/pokemon/1000_gholdengo/gholdengo_yellow_shiny.png"
    },
    {
      "aspects": [
        "yellow-gilded-chest",
        "netherite-coating-stage1"
      ],
      "texture": "cobblemon:textures/pokemon/1000_gholdengo/gholdengo_yellow_netherite_stage1.png"
    },
    {
      "aspects": [
        "yellow-gilded-chest",
        "netherite-coating-stage2"
      ],
      "texture": "cobblemon:textures/pokemon/1000_gholdengo/gholdengo_yellow_netherite_stage2.png"
    },
    {
      "aspects": [
        "yellow-gilded-chest",
        "netherite-coating-stage3"
      ],
      "texture": "cobblemon:textures/pokemon/1000_gholdengo/gholdengo_yellow_netherite_stage3.png"
    },
    {
      "aspects": [
        "yellow-gilded-chest",
        "netherite-coating-stage4"
      ],
      "texture": "cobblemon:textures/pokemon/1000_gholdengo/gholdengo_yellow_netherite_stage4.png"
    },
    {
      "aspects": [
        "yellow-gilded-chest",
        "netherite-coating-stage5"
      ],
      "texture": "cobblemon:textures/pokemon/1000_gholdengo/gholdengo_yellow_netherite_stage5.png"
    },
    {
      "aspects": [
        "yellow-gilded-chest",
        "netherite-coating-stage6"
      ],
      "texture": "cobblemon:textures/pokemon/1000_gholdengo/gholdengo_yellow_netherite_stage6.png"
    },
    {
      "aspects": [
        "yellow-gilded-chest",
        "netherite-coating-stage7"
      ],
      "texture": "cobblemon:textures/pokemon/1000_gholdengo/gholdengo_yellow_netherite_stage7.png"
    },
    {
      "aspects": [
        "yellow-gilded-chest",
        "netherite-coating-full"
      ],
      "texture": "cobblemon:textures/pokemon/1000_gholdengo/gholdengo_yellow_netherite_full.png"
    },
    {
      "aspects": [
        "yellow-gilded-chest",
        "netherite-coating-stage1",
        "shiny"
      ],
      "texture": "cobblemon:textures/pokemon/1000_gholdengo/gholdengo_yellow_netherite_stage1_shiny.png"
    },
    {
      "aspects": [
        "yellow-gilded-chest",
        "netherite-coating-stage2",
        "shiny"
      ],
      "texture": "cobblemon:textures/pokemon/1000_gholdengo/gholdengo_yellow_netherite_stage2_shiny.png"
    },
    {
      "aspects": [
        "yellow-gilded-chest",
        "netherite-coating-stage3",
        "shiny"
      ],
      "texture": "cobblemon:textures/pokemon/1000_gholdengo/gholdengo_yellow_netherite_stage3_shiny.png"
    },
    {
      "aspects": [
        "yellow-gilded-chest",
        "netherite-coating-stage4",
        "shiny"
      ],
      "texture": "cobblemon:textures/pokemon/1000_gholdengo/gholdengo_yellow_netherite_stage4_shiny.png"
    },
    {
      "aspects": [
        "yellow-gilded-chest",
        "netherite-coating-stage5",
        "shiny"
      ],
      "texture": "cobblemon:textures/pokemon/1000_gholdengo/gholdengo_yellow_netherite_stage5_shiny.png"
    },
    {
      "aspects": [
        "yellow-gilded-chest",
        "netherite-coating-stage6",
        "shiny"
      ],
      "texture": "cobblemon:textures/pokemon/1000_gholdengo/gholdengo_yellow_netherite_stage6_shiny.png"
    },
    {
      "aspects": [
        "yellow-gilded-chest",
        "netherite-coating-stage7",
        "shiny"
      ],
      "texture": "cobblemon:textures/pokemon/1000_gholdengo/gholdengo_yellow_netherite_stage7_shiny.png"
    },
    {
      "aspects": [
        "yellow-gilded-chest",
        "netherite-coating-full",
        "shiny"
      ],
      "texture": "cobblemon:textures/pokemon/1000_gholdengo/gholdengo_yellow_netherite_full_shiny.png"
    },
    {
      "aspects": [
        "green-gilded-chest"
      ],
      "texture": "cobblemon:textures/pokemon/1000_gholdengo/gholdengo_green.png",
      "layers": [
        {
          "name": "chest",
          "texture": "cobblemon:textures/pokemon/1000_gholdengo/gholdengo_chest_green.png"
        }
      ]
    },
    {
      "aspects": [
        "green-gilded-chest",
        "shiny"
      ],
      "texture": "cobblemon:textures/pokemon/1000_gholdengo/gholdengo_green_shiny.png"
    },
    {
      "aspects": [
        "green-gilded-chest",
        "netherite-coating-stage1"
      ],
      "texture": "cobblemon:textures/pokemon/1000_gholdengo/gholdengo_green_netherite_stage1.png"
    },
    {
      "aspects": [
        "green-gilded-chest",
        "netherite-coating-stage2"
      ],
      "texture": "cobblemon:textures/pokemon/1000_gholdengo/gholdengo_green_netherite_stage2.png"
    },
    {
      "aspects": [
        "green-gilded-chest",
        "netherite-coating-stage3"
      ],
      "texture": "cobblemon:textures/pokemon/1000_gholdengo/gholdengo_green_netherite_stage3.png"
    },
    {
      "aspects": [
        "green-gilded-chest",
        "netherite-coating-stage4"
      ],
      "texture": "cobblemon:textures/pokemon/1000_gholdengo/gholdengo_green_netherite_stage4.png"
    },
    {
      "aspects": [
        "green-gilded-chest",
        "netherite-coating-stage5"
      ],
      "texture": "cobblemon:textures/pokemon/1000_gholdengo/gholdengo_green_netherite_stage5.png"
    },
    {
      "aspects": [
        "green-gilded-chest",
        "netherite-coating-stage6"
      ],
      "texture": "cobblemon:textures/pokemon/1000_gholdengo/gholdengo_green_netherite_stage6.png"
    },
    {
      "aspects": [
        "green-gilded-chest",
        "netherite-coating-stage7"
      ],
      "texture": "cobblemon:textures/pokemon/1000_gholdengo/gholdengo_green_netherite_stage7.png"
    },
    {
      "aspects": [
        "green-gilded-chest",
        "netherite-coating-full"
      ],
      "texture": "cobblemon:textures/pokemon/1000_gholdengo/gholdengo_green_netherite_full.png"
    },
    {
      "aspects": [
        "green-gilded-chest",
        "netherite-coating-stage1",
        "shiny"
      ],
      "texture": "cobblemon:textures/pokemon/1000_gholdengo/gholdengo_green_netherite_stage1_shiny.png"
    },
    {
      "aspects": [
        "green-gilded-chest",
        "netherite-coating-stage2",
        "shiny"
      ],
      "texture": "cobblemon:textures/pokemon/1000_gholdengo/gholdengo_green_netherite_stage2_shiny.png"
    },
    {
      "aspects": [
        "green-gilded-chest",
        "netherite-coating-stage3",
        "shiny"
      ],
      "texture": "cobblemon:textures/pokemon/1000_gholdengo/gholdengo_green_netherite_stage3_shiny.png"
    },
    {
      "aspects": [
        "green-gilded-chest",
        "netherite-coating-stage4",
        "shiny"
      ],
      "texture": "cobblemon:textures/pokemon/1000_gholdengo/gholdengo_green_netherite_stage4_shiny.png"
    },
    {
      "aspects": [
        "green-gilded-chest",
        "netherite-coating-stage5",
        "shiny"
      ],
      "texture": "cobblemon:textures/pokemon/1000_gholdengo/gholdengo_green_netherite_stage5_shiny.png"
    },
    {
      "aspects": [
        "green-gilded-chest",
        "netherite-coating-stage6",
        "shiny"
      ],
      "texture": "cobblemon:textures/pokemon/1000_gholdengo/gholdengo_green_netherite_stage6_shiny.png"
    },
    {
      "aspects": [
        "green-gilded-chest",
        "netherite-coating-stage7",
        "shiny"
      ],
      "texture": "cobblemon:textures/pokemon/1000_gholdengo/gholdengo_green_netherite_stage7_shiny.png"
    },
    {
      "aspects": [
        "green-gilded-chest",
        "netherite-coating-full",
        "shiny"
      ],
      "texture": "cobblemon:textures/pokemon/1000_gholdengo/gholdengo_green_netherite_full_shiny.png"
    },
    {
      "aspects": [
        "blue-gilded-chest"
      ],
      "texture": "cobblemon:textures/pokemon/1000_gholdengo/gholdengo_blue.png",
      "layers": [
        {
          "name": "chest",
          "texture": "cobblemon:textures/pokemon/1000_gholdengo/gholdengo_chest_blue.png"
        }
      ]
    },
    {
      "aspects": [
        "blue-gilded-chest",
        "shiny"
      ],
      "texture": "cobblemon:textures/pokemon/1000_gholdengo/gholdengo_blue_shiny.png"
    },
    {
      "aspects": [
        "blue-gilded-chest",
        "netherite-coating-stage1"
      ],
      "texture": "cobblemon:textures/pokemon/1000_gholdengo/gholdengo_blue_netherite_stage1.png"
    },
    {
      "aspects": [
        "blue-gilded-chest",
        "netherite-coating-stage2"
      ],
      "texture": "cobblemon:textures/pokemon/1000_gholdengo/gholdengo_blue_netherite_stage2.png"
    },
    {
      "aspects": [
        "blue-gilded-chest",
        "netherite-coating-stage3"
      ],
      "texture": "cobblemon:textures/pokemon/1000_gholdengo/gholdengo_blue_netherite_stage3.png"
    },
    {
      "aspects": [
        "blue-gilded-chest",
        "netherite-coating-stage4"
      ],
      "texture": "cobblemon:textures/pokemon/1000_gholdengo/gholdengo_blue_netherite_stage4.png"
    },
    {
      "aspects": [
        "blue-gilded-chest",
        "netherite-coating-stage5"
      ],
      "texture": "cobblemon:textures/pokemon/1000_gholdengo/gholdengo_blue_netherite_stage5.png"
    },
    {
      "aspects": [
        "blue-gilded-chest",
        "netherite-coating-stage6"
      ],
      "texture": "cobblemon:textures/pokemon/1000_gholdengo/gholdengo_blue_netherite_stage6.png"
    },
    {
      "aspects": [
        "blue-gilded-chest",
        "netherite-coating-stage7"
      ],
      "texture": "cobblemon:textures/pokemon/1000_gholdengo/gholdengo_blue_netherite_stage7.png"
    },
    {
      "aspects": [
        "blue-gilded-chest",
        "netherite-coating-full"
      ],
      "texture": "cobblemon:textures/pokemon/1000_gholdengo/gholdengo_blue_netherite_full.png"
    },
    {
      "aspects": [
        "blue-gilded-chest",
        "netherite-coating-stage1",
        "shiny"
      ],
      "texture": "cobblemon:textures/pokemon/1000_gholdengo/gholdengo_blue_netherite_stage1_shiny.png"
    },
    {
      "aspects": [
        "blue-gilded-chest",
        "netherite-coating-stage2",
        "shiny"
      ],
      "texture": "cobblemon:textures/pokemon/1000_gholdengo/gholdengo_blue_netherite_stage2_shiny.png"
    },
    {
      "aspects": [
        "blue-gilded-chest",
        "netherite-coating-stage3",
        "shiny"
      ],
      "texture": "cobblemon:textures/pokemon/1000_gholdengo/gholdengo_blue_netherite_stage3_shiny.png"
    },
    {
      "aspects": [
        "blue-gilded-chest",
        "netherite-coating-stage4",
        "shiny"
      ],
      "texture": "cobblemon:textures/pokemon/1000_gholdengo/gholdengo_blue_netherite_stage4_shiny.png"
    },
    {
      "aspects": [
        "blue-gilded-chest",
        "netherite-coating-stage5",
        "shiny"
      ],
      "texture": "cobblemon:textures/pokemon/1000_gholdengo/gholdengo_blue_netherite_stage5_shiny.png"
    },
    {
      "aspects": [
        "blue-gilded-chest",
        "netherite-coating-stage6",
        "shiny"
      ],
      "texture": "cobblemon:textures/pokemon/1000_gholdengo/gholdengo_blue_netherite_stage6_shiny.png"
    },
    {
      "aspects": [
        "blue-gilded-chest",
        "netherite-coating-stage7",
        "shiny"
      ],
      "texture": "cobblemon:textures/pokemon/1000_gholdengo/gholdengo_blue_netherite_stage7_shiny.png"
    },
    {
      "aspects": [
        "blue-gilded-chest",
        "netherite-coating-full",
        "shiny"
      ],
      "texture": "cobblemon:textures/pokemon/1000_gholdengo/gholdengo_blue_netherite_full_shiny.png"
    },
    {
      "aspects": [
        "pink-gilded-chest"
      ],
      "texture": "cobblemon:textures/pokemon/1000_gholdengo/gholdengo_pink.png",
      "layers": [
        {
          "name": "chest",
          "texture": "cobblemon:textures/pokemon/1000_gholdengo/gholdengo_chest_pink.png"
        }
      ]
    },
    {
      "aspects": [
        "pink-gilded-chest",
        "shiny"
      ],
      "texture": "cobblemon:textures/pokemon/1000_gholdengo/gholdengo_pink_shiny.png"
    },
    {
      "aspects": [
        "pink-gilded-chest",
        "netherite-coating-stage1"
      ],
      "texture": "cobblemon:textures/pokemon/1000_gholdengo/gholdengo_pink_netherite_stage1.png"
    },
    {
      "aspects": [
        "pink-gilded-chest",
        "netherite-coating-stage2"
      ],
      "texture": "cobblemon:textures/pokemon/1000_gholdengo/gholdengo_pink_netherite_stage2.png"
    },
    {
      "aspects": [
        "pink-gilded-chest",
        "netherite-coating-stage3"
      ],
      "texture": "cobblemon:textures/pokemon/1000_gholdengo/gholdengo_pink_netherite_stage3.png"
    },
    {
      "aspects": [
        "pink-gilded-chest",
        "netherite-coating-stage4"
      ],
      "texture": "cobblemon:textures/pokemon/1000_gholdengo/gholdengo_pink_netherite_stage4.png"
    },
    {
      "aspects": [
        "pink-gilded-chest",
        "netherite-coating-stage5"
      ],
      "texture": "cobblemon:textures/pokemon/1000_gholdengo/gholdengo_pink_netherite_stage5.png"
    },
    {
      "aspects": [
        "pink-gilded-chest",
        "netherite-coating-stage6"
      ],
      "texture": "cobblemon:textures/pokemon/1000_gholdengo/gholdengo_pink_netherite_stage6.png"
    },
    {
      "aspects": [
        "pink-gilded-chest",
        "netherite-coating-stage7"
      ],
      "texture": "cobblemon:textures/pokemon/1000_gholdengo/gholdengo_pink_netherite_stage7.png"
    },
    {
      "aspects": [
        "pink-gilded-chest",
        "netherite-coating-full"
      ],
      "texture": "cobblemon:textures/pokemon/1000_gholdengo/gholdengo_pink_netherite_full.png"
    },
    {
      "aspects": [
        "pink-gilded-chest",
        "netherite-coating-stage1",
        "shiny"
      ],
      "texture": "cobblemon:textures/pokemon/1000_gholdengo/gholdengo_pink_netherite_stage1_shiny.png"
    },
    {
      "aspects": [
        "pink-gilded-chest",
        "netherite-coating-stage2",
        "shiny"
      ],
      "texture": "cobblemon:textures/pokemon/1000_gholdengo/gholdengo_pink_netherite_stage2_shiny.png"
    },
    {
      "aspects": [
        "pink-gilded-chest",
        "netherite-coating-stage3",
        "shiny"
      ],
      "texture": "cobblemon:textures/pokemon/1000_gholdengo/gholdengo_pink_netherite_stage3_shiny.png"
    },
    {
      "aspects": [
        "pink-gilded-chest",
        "netherite-coating-stage4",
        "shiny"
      ],
      "texture": "cobblemon:textures/pokemon/1000_gholdengo/gholdengo_pink_netherite_stage4_shiny.png"
    },
    {
      "aspects": [
        "pink-gilded-chest",
        "netherite-coating-stage5",
        "shiny"
      ],
      "texture": "cobblemon:textures/pokemon/1000_gholdengo/gholdengo_pink_netherite_stage5_shiny.png"
    },
    {
      "aspects": [
        "pink-gilded-chest",
        "netherite-coating-stage6",
        "shiny"
      ],
      "texture": "cobblemon:textures/pokemon/1000_gholdengo/gholdengo_pink_netherite_stage6_shiny.png"
    },
    {
      "aspects": [
        "pink-gilded-chest",
        "netherite-coating-stage7",
        "shiny"
      ],
      "texture": "cobblemon:textures/pokemon/1000_gholdengo/gholdengo_pink_netherite_stage7_shiny.png"
    },
    {
      "aspects": [
        "pink-gilded-chest",
        "netherite-coating-full",
        "shiny"
      ],
      "texture": "cobblemon:textures/pokemon/1000_gholdengo/gholdengo_pink_netherite_full_shiny.png"
    },
    {
      "aspects": [
        "black-gilded-chest"
      ],
      "texture": "cobblemon:textures/pokemon/1000_gholdengo/gholdengo_black.png",
      "layers": [
        {
          "name": "chest",
          "texture": "cobblemon:textures/pokemon/1000_gholdengo/gholdengo_chest_black.png"
        }
      ]
    },
    {
      "aspects": [
        "black-gilded-chest",
        "shiny"
      ],
      "texture": "cobblemon:textures/pokemon/1000_gholdengo/gholdengo_black_shiny.png"
    },
    {
      "aspects": [
        "black-gilded-chest",
        "netherite-coating-stage1"
      ],
      "texture": "cobblemon:textures/pokemon/1000_gholdengo/gholdengo_black_netherite_stage1.png"
    },
    {
      "aspects": [
        "black-gilded-chest",
        "netherite-coating-stage2"
      ],
      "texture": "cobblemon:textures/pokemon/1000_gholdengo/gholdengo_black_netherite_stage2.png"
    },
    {
      "aspects": [
        "black-gilded-chest",
        "netherite-coating-stage3"
      ],
      "texture": "cobblemon:textures/pokemon/1000_gholdengo/gholdengo_black_netherite_stage3.png"
    },
    {
      "aspects": [
        "black-gilded-chest",
        "netherite-coating-stage4"
      ],
      "texture": "cobblemon:textures/pokemon/1000_gholdengo/gholdengo_black_netherite_stage4.png"
    },
    {
      "aspects": [
        "black-gilded-chest",
        "netherite-coating-stage5"
      ],
      "texture": "cobblemon:textures/pokemon/1000_gholdengo/gholdengo_black_netherite_stage5.png"
    },
    {
      "aspects": [
        "black-gilded-chest",
        "netherite-coating-stage6"
      ],
      "texture": "cobblemon:textures/pokemon/1000_gholdengo/gholdengo_black_netherite_stage6.png"
    },
    {
      "aspects": [
        "black-gilded-chest",
        "netherite-coating-stage7"
      ],
      "texture": "cobblemon:textures/pokemon/1000_gholdengo/gholdengo_black_netherite_stage7.png"
    },
    {
      "aspects": [
        "black-gilded-chest",
        "netherite-coating-full"
      ],
      "texture": "cobblemon:textures/pokemon/1000_gholdengo/gholdengo_black_netherite_full.png"
    },
    {
      "aspects": [
        "black-gilded-chest",
        "netherite-coating-stage1",
        "shiny"
      ],
      "texture": "cobblemon:textures/pokemon/1000_gholdengo/gholdengo_black_netherite_stage1_shiny.png"
    },
    {
      "aspects": [
        "black-gilded-chest",
        "netherite-coating-stage2",
        "shiny"
      ],
      "texture": "cobblemon:textures/pokemon/1000_gholdengo/gholdengo_black_netherite_stage2_shiny.png"
    },
    {
      "aspects": [
        "black-gilded-chest",
        "netherite-coating-stage3",
        "shiny"
      ],
      "texture": "cobblemon:textures/pokemon/1000_gholdengo/gholdengo_black_netherite_stage3_shiny.png"
    },
    {
      "aspects": [
        "black-gilded-chest",
        "netherite-coating-stage4",
        "shiny"
      ],
      "texture": "cobblemon:textures/pokemon/1000_gholdengo/gholdengo_black_netherite_stage4_shiny.png"
    },
    {
      "aspects": [
        "black-gilded-chest",
        "netherite-coating-stage5",
        "shiny"
      ],
      "texture": "cobblemon:textures/pokemon/1000_gholdengo/gholdengo_black_netherite_stage5_shiny.png"
    },
    {
      "aspects": [
        "black-gilded-chest",
        "netherite-coating-stage6",
        "shiny"
      ],
      "texture": "cobblemon:textures/pokemon/1000_gholdengo/gholdengo_black_netherite_stage6_shiny.png"
    },
    {
      "aspects": [
        "black-gilded-chest",
        "netherite-coating-stage7",
        "shiny"
      ],
      "texture": "cobblemon:textures/pokemon/1000_gholdengo/gholdengo_black_netherite_stage7_shiny.png"
    },
    {
      "aspects": [
        "black-gilded-chest",
        "netherite-coating-full",
        "shiny"
      ],
      "texture": "cobblemon:textures/pokemon/1000_gholdengo/gholdengo_black_netherite_full_shiny.png"
    },
    {
      "aspects": [
        "white-gilded-chest"
      ],
      "texture": "cobblemon:textures/pokemon/1000_gholdengo/gholdengo_white.png",
      "layers": [
        {
          "name": "chest",
          "texture": "cobblemon:textures/pokemon/1000_gholdengo/gholdengo_chest_white.png"
        }
      ]
    },
    {
      "aspects": [
        "white-gilded-chest",
        "shiny"
      ],
      "texture": "cobblemon:textures/pokemon/1000_gholdengo/gholdengo_white_shiny.png"
    },
    {
      "aspects": [
        "white-gilded-chest",
        "netherite-coating-stage1"
      ],
      "texture": "cobblemon:textures/pokemon/1000_gholdengo/gholdengo_white_netherite_stage1.png"
    },
    {
      "aspects": [
        "white-gilded-chest",
        "netherite-coating-stage2"
      ],
      "texture": "cobblemon:textures/pokemon/1000_gholdengo/gholdengo_white_netherite_stage2.png"
    },
    {
      "aspects": [
        "white-gilded-chest",
        "netherite-coating-stage3"
      ],
      "texture": "cobblemon:textures/pokemon/1000_gholdengo/gholdengo_white_netherite_stage3.png"
    },
    {
      "aspects": [
        "white-gilded-chest",
        "netherite-coating-stage4"
      ],
      "texture": "cobblemon:textures/pokemon/1000_gholdengo/gholdengo_white_netherite_stage4.png"
    },
    {
      "aspects": [
        "white-gilded-chest",
        "netherite-coating-stage5"
      ],
      "texture": "cobblemon:textures/pokemon/1000_gholdengo/gholdengo_white_netherite_stage5.png"
    },
    {
      "aspects": [
        "white-gilded-chest",
        "netherite-coating-stage6"
      ],
      "texture": "cobblemon:textures/pokemon/1000_gholdengo/gholdengo_white_netherite_stage6.png"
    },
    {
      "aspects": [
        "white-gilded-chest",
        "netherite-coating-stage7"
      ],
      "texture": "cobblemon:textures/pokemon/1000_gholdengo/gholdengo_white_netherite_stage7.png"
    },
    {
      "aspects": [
        "white-gilded-chest",
        "netherite-coating-full"
      ],
      "texture": "cobblemon:textures/pokemon/1000_gholdengo/gholdengo_white_netherite_full.png"
    },
    {
      "aspects": [
        "white-gilded-chest",
        "netherite-coating-stage1",
        "shiny"
      ],
      "texture": "cobblemon:textures/pokemon/1000_gholdengo/gholdengo_white_netherite_stage1_shiny.png"
    },
    {
      "aspects": [
        "white-gilded-chest",
        "netherite-coating-stage2",
        "shiny"
      ],
      "texture": "cobblemon:textures/pokemon/1000_gholdengo/gholdengo_white_netherite_stage2_shiny.png"
    },
    {
      "aspects": [
        "white-gilded-chest",
        "netherite-coating-stage3",
        "shiny"
      ],
      "texture": "cobblemon:textures/pokemon/1000_gholdengo/gholdengo_white_netherite_stage3_shiny.png"
    },
    {
      "aspects": [
        "white-gilded-chest",
        "netherite-coating-stage4",
        "shiny"
      ],
      "texture": "cobblemon:textures/pokemon/1000_gholdengo/gholdengo_white_netherite_stage4_shiny.png"
    },
    {
      "aspects": [
        "white-gilded-chest",
        "netherite-coating-stage5",
        "shiny"
      ],
      "texture": "cobblemon:textures/pokemon/1000_gholdengo/gholdengo_white_netherite_stage5_shiny.png"
    },
    {
      "aspects": [
        "white-gilded-chest",
        "netherite-coating-stage6",
        "shiny"
      ],
      "texture": "cobblemon:textures/pokemon/1000_gholdengo/gholdengo_white_netherite_stage6_shiny.png"
    },
    {
      "aspects": [
        "white-gilded-chest",
        "netherite-coating-stage7",
        "shiny"
      ],
      "texture": "cobblemon:textures/pokemon/1000_gholdengo/gholdengo_white_netherite_stage7_shiny.png"
    },
    {
      "aspects": [
        "white-gilded-chest",
        "netherite-coating-full",
        "shiny"
      ],
      "texture": "cobblemon:textures/pokemon/1000_gholdengo/gholdengo_white_netherite_full_shiny.png"
    }
  ]
}