{
  "species": "cobblemon:pichu",
  "order": 0,
  "variations": [
    {
      "aspects": [],
      "poser": "cobblemon:pichu",
      "model": "cobblemon:pichu.geo",
      "texture": "cobblemon:textures/pokemon/0172_pichu/pichu.png",
      "layers": [
        {
          "name": "emissive",
          "texture": "cobblemon:textures/pokemon/0172_pichu/pichu_emissive.png",
          "emissive": true,
          "translucent": false
        }
      ]
    },
    {
      "aspects": [
        "shiny"
      ],
      "texture": "cobblemon:textures/pokemon/0172_pichu/pichu_shiny.png",
      "layers": [
        {
          "name": "emissive",
          "texture": "cobblemon:textures/pokemon/0172_pichu/pichu_emissive_shiny.png",
          "emissive": true,
          "translucent": false
        }
      ]
    },
    {
      "aspects": [
        "cosmetic_item-rage_candy_bar"
      ],
      "model": "cobblemon:pichu_cap.geo",
      "texture": "cobblemon:textures/pokemon/0172_pichu/pichu_original.png",
      "layers": [
        {
          "name": "original",
          "texture": "cobblemon:textures/pokemon/0172_pichu/pichu_cap_original.png"
        }
      ]
    },
    {
      "aspects": [
        "cosmetic_item-pewter_crunchies"
      ],
      "model": "cobblemon:pichu_cap.geo",
      "texture": "cobblemon:textures/pokemon/0172_pichu/pichu_partner.png",
      "layers": [
        {
          "name": "partner",
          "texture": "cobblemon:textures/pokemon/0172_pichu/pichu_cap_partner.png"
        }
      ]
    },
    {
      "aspects": [
        "cosmetic_item-lava_cookie"
      ],
      "model": "cobblemon:pichu_cap.geo",
      "texture": "cobblemon:textures/pokemon/0172_pichu/pichu_hoenn.png",
      "layers": [
        {
          "name": "hoenn",
          "texture": "cobblemon:textures/pokemon/0172_pichu/pichu_cap_hoenn.png"
        }
      ]
    },
    {
      "aspects": [
        "cosmetic_item-old_gateau"
      ],
      "model": "cobblemon:pichu_cap.geo",
      "texture": "cobblemon:textures/pokemon/0172_pichu/pichu_sinnoh.png",
      "layers": [
        {
          "name": "sinnoh",
          "texture": "cobblemon:textures/pokemon/0172_pichu/pichu_cap_sinnoh.png"
        }
      ]
    },
    {
      "aspects": [
        "cosmetic_item-casteliacone"
      ],
      "model": "cobblemon:pichu_cap.geo",
      "texture": "cobblemon:textures/pokemon/0172_pichu/pichu_unova.png",
      "layers": [
        {
          "name": "unova",
          "texture": "cobblemon:textures/pokemon/0172_pichu/pichu_cap_unova.png"
        }
      ]
    },
    {
      "aspects": [
        "cosmetic_item-lumiose_galette"
      ],
      "model": "cobblemon:pichu_cap.geo",
      "texture": "cobblemon:textures/pokemon/0172_pichu/pichu_kalos.png",
      "layers": [
        {
          "name": "kalos",
          "texture": "cobblemon:textures/pokemon/0172_pichu/pichu_cap_kalos.png"
        }
      ]
    },
    {
      "aspects": [
        "cosmetic_item-big_malasada"
      ],
      "model": "cobblemon:pichu_cap.geo",
      "texture": "cobblemon:textures/pokemon/0172_pichu/pichu_alola.png",
      "layers": [
        {
          "name": "alola",
          "texture": "cobblemon:textures/pokemon/0172_pichu/pichu_cap_alola.png"
        }
      ]
    },
    {
      "aspects": [
        "cosmetic_item-smoked_tail_curry"
      ],
      "model": "cobblemon:pichu_cap.geo",
      "texture": "cobblemon:textures/pokemon/0172_pichu/pichu_world.png",
      "layers": [
        {
          "name": "world",
          "texture": "cobblemon:textures/pokemon/0172_pichu/pichu_cap_world.png"
        }
      ]
    },
    {
      "aspects": [
        "cosmetic_item-compass"
      ],
      "model": "cobblemon:pichu_captain.geo",
      "texture": "cobblemon:textures/pokemon/0172_pichu/pichu_cap.png",
      "layers": [
        {
          "name": "captain",
          "texture": "cobblemon:textures/pokemon/0172_pichu/pichu_captain.png"
        }
      ]
    },
    {
      "aspects": [
        "cosmetic_item-shears"
      ],
      "model": "cobblemon:pichu_fluff.geo",
      "texture": "cobblemon:textures/pokemon/0172_pichu/pichu_fluff.png"
    },
    {
      "aspects": [
        "cosmetic_item-leather_helmet"
      ],
      "model": "cobblemon:pichu_detective.geo",
      "texture": "cobblemon:textures/pokemon/0172_pichu/pichu_harry.png",
      "layers": [
        {
          "name": "detective",
          "texture": "cobblemon:textures/pokemon/0172_pichu/pichu_detective.png"
        }
      ]
    },
    {
      "aspects": [
        "cosmetic_item-sinister_tea"
      ],
      "model": "cobblemon:pichu_detective.geo",
      "texture": "cobblemon:textures/pokemon/0172_pichu/pichu_harry.png",
      "layers": [
        {
          "name": "detective",
          "texture": "cobblemon:textures/pokemon/0172_pichu/pichu_detective.png"
        }
      ]
    },
    {
      "aspects": [
        "cosmetic_item-cocoa_beans"
      ],
      "model": "cobblemon:pichu_detective.geo",
      "texture": "cobblemon:textures/pokemon/0172_pichu/pichu_harry.png",
      "layers": [
        {
          "name": "detective",
          "texture": "cobblemon:textures/pokemon/0172_pichu/pichu_detective.png"
        }
      ]
    },
    {
      "aspects": [
        "cosmetic_item-music"
      ],
      "model": "cobblemon:pichu_ukulele.geo",
      "texture": "cobblemon:textures/pokemon/0172_pichu/pichu_music.png",
      "layers": [
        {
          "name": "ukulele",
          "texture": "cobblemon:textures/pokemon/0172_pichu/pichu_ukulele.png"
        }
      ]
    },
    {
      "aspects": [
        "cosmetic_item-rage_candy_bar",
        "shiny"
      ],
      "model": "cobblemon:pichu_cap.geo",
      "texture": "cobblemon:textures/pokemon/0172_pichu/pichu_original_shiny.png",
      "layers": [
        {
          "name": "original",
          "texture": "cobblemon:textures/pokemon/0172_pichu/pichu_cap_original.png"
        }
      ]
    },
    {
      "aspects": [
        "cosmetic_item-pewter_crunchies",
        "shiny"
      ],
      "model": "cobblemon:pichu_cap.geo",
      "texture": "cobblemon:textures/pokemon/0172_pichu/pichu_partner_shiny.png",
      "layers": [
        {
          "name": "partner",
          "texture": "cobblemon:textures/pokemon/0172_pichu/pichu_cap_partner.png"
        }
      ]
    },
    {
      "aspects": [
        "cosmetic_item-lava_cookie",
        "shiny"
      ],
      "model": "cobblemon:pichu_cap.geo",
      "texture": "cobblemon:textures/pokemon/0172_pichu/pichu_hoenn_shiny.png",
      "layers": [
        {
          "name": "hoenn",
          "texture": "cobblemon:textures/pokemon/0172_pichu/pichu_cap_hoenn.png"
        }
      ]
    },
    {
      "aspects": [
        "cosmetic_item-old_gateau",
        "shiny"
      ],
      "model": "cobblemon:pichu_cap.geo",
      "texture": "cobblemon:textures/pokemon/0172_pichu/pichu_sinnoh_shiny.png",
      "layers": [
        {
          "name": "sinnoh",
          "texture": "cobblemon:textures/pokemon/0172_pichu/pichu_cap_sinnoh.png"
        }
      ]
    },
    {
      "aspects": [
        "cosmetic_item-casteliacone",
        "shiny"
      ],
      "model": "cobblemon:pichu_cap.geo",
      "texture": "cobblemon:textures/pokemon/0172_pichu/pichu_unova_shiny.png",
      "layers": [
        {
          "name": "unova",
          "texture": "cobblemon:textures/pokemon/0172_pichu/pichu_cap_unova.png"
        }
      ]
    },
    {
      "aspects": [
        "cosmetic_item-lumiose_galette",
        "shiny"
      ],
      "model": "cobblemon:pichu_cap.geo",
      "texture": "cobblemon:textures/pokemon/0172_pichu/pichu_kalos_shiny.png",
      "layers": [
        {
          "name": "kalos",
          "texture": "cobblemon:textures/pokemon/0172_pichu/pichu_cap_kalos.png"
        }
      ]
    },
    {
      "aspects": [
        "cosmetic_item-big_malasada",
        "shiny"
      ],
      "model": "cobblemon:pichu_cap.geo",
      "texture": "cobblemon:textures/pokemon/0172_pichu/pichu_alola_shiny.png",
      "layers": [
        {
          "name": "alola",
          "texture": "cobblemon:textures/pokemon/0172_pichu/pichu_cap_alola.png"
        }
      ]
    },
    {
      "aspects": [
        "cosmetic_item-smoked_tail_curry",
        "shiny"
      ],
      "model": "cobblemon:pichu_cap.geo",
      "texture": "cobblemon:textures/pokemon/0172_pichu/pichu_world_shiny.png",
      "layers": [
        {
          "name": "world",
          "texture": "cobblemon:textures/pokemon/0172_pichu/pichu_cap_world.png"
        }
      ]
    },
    {
      "aspects": [
        "cosmetic_item-compass",
        "shiny"
      ],
      "model": "cobblemon:pichu_captain.geo",
      "texture": "cobblemon:textures/pokemon/0172_pichu/pichu_cap_shiny.png",
      "layers": [
        {
          "name": "captain",
          "texture": "cobblemon:textures/pokemon/0172_pichu/pichu_captain.png"
        }
      ]
    },
    {
      "aspects": [
        "cosmetic_item-shears",
        "shiny"
      ],
      "model": "cobblemon:pichu_fluff.geo",
      "texture": "cobblemon:textures/pokemon/0172_pichu/pichu_fluff_shiny.png"
    },
    {
      "aspects": [
        "cosmetic_item-leather_helmet",
        "shiny"
      ],
      "model": "cobblemon:pichu_detective.geo",
      "texture": "cobblemon:textures/pokemon/0172_pichu/pichu_harry_shiny.png",
      "layers": [
        {
          "name": "detective",
          "texture": "cobblemon:textures/pokemon/0172_pichu/pichu_detective.png"
        }
      ]
    },
    {
      "aspects": [
        "cosmetic_item-sinister_tea",
        "shiny"
      ],
      "model": "cobblemon:pichu_detective.geo",
      "texture": "cobblemon:textures/pokemon/0172_pichu/pichu_harry_shiny.png",
      "layers": [
        {
          "name": "detective",
          "texture": "cobblemon:textures/pokemon/0172_pichu/pichu_detective.png"
        }
      ]
    },
    {
      "aspects": [
        "cosmetic_item-cocoa_beans",
        "shiny"
      ],
      "model": "cobblemon:pichu_detective.geo",
      "texture": "cobblemon:textures/pokemon/0172_pichu/pichu_harry_shiny.png",
      "layers": [
        {
          "name": "detective",
          "texture": "cobblemon:textures/pokemon/0172_pichu/pichu_detective.png"
        }
      ]
    },
    {
      "aspects": [
        "cosmetic_item-music",
        "shiny"
      ],
      "model": "cobblemon:pichu_ukulele.geo",
      "texture": "cobblemon:textures/pokemon/0172_pichu/pichu_music_shiny.png",
      "layers": [
        {
          "name": "ukulele",
          "texture": "cobblemon:textures/pokemon/0172_pichu/pichu_ukulele.png"
        }
      ]
    }
  ]
}