{
  "species": "cobblemon:smeargle",
  "order": 0,
  "variations": [
    {
      "aspects": [],
      "poser": "cobblemon:smeargle",
      "model": "cobblemon:smeargle.geo",
      "texture": "cobblemon:textures/pokemon/0235_smeargle/smeargle.png",
      "layers": [
        {
          "name": "paint",
          "translucent": true,
          "texture": "cobblemon:textures/pokemon/0235_smeargle/smeargle_paint_green.png"
        }
      ]
    },
    {
      "aspects": [
        "shiny"
      ],
      "texture": "cobblemon:textures/pokemon/0235_smeargle/smeargle_shiny.png",
      "layers": [
        {
          "name": "paint",
          "translucent": true,
          "texture": "cobblemon:textures/pokemon/0235_smeargle/smeargle_paint_red.png"
        }
      ]
    },
    {
      "aspects": [
        "rainbow-light_blue"
      ],
      "texture": "cobblemon:textures/pokemon/0235_smeargle/smeargle_light_blue.png",
      "layers": [
        {
          "name": "paint",
          "translucent": true,
          "texture": "cobblemon:textures/pokemon/0235_smeargle/smeargle_paint_light_blue.png"
        }
      ]
    },
    {
      "aspects": [
        "rainbow-pink"
      ],
      "texture": "cobblemon:textures/pokemon/0235_smeargle/smeargle_pink.png",
      "layers": [
        {
          "name": "paint",
          "translucent": true,
          "texture": "cobblemon:textures/pokemon/0235_smeargle/smeargle_paint_pink.png"
        }
      ]
    },
    {
      "aspects": [
        "rainbow-magenta"
      ],
      "texture": "cobblemon:textures/pokemon/0235_smeargle/smeargle_magenta.png",
      "layers": [
        {
          "name": "paint",
          "translucent": true,
          "texture": "cobblemon:textures/pokemon/0235_smeargle/smeargle_paint_magenta.png"
        }
      ]
    },
    {
      "aspects": [
        "rainbow-purple"
      ],
      "texture": "cobblemon:textures/pokemon/0235_smeargle/smeargle_purple.png",
      "layers": [
        {
          "name": "paint",
          "translucent": true,
          "texture": "cobblemon:textures/pokemon/0235_smeargle/smeargle_paint_purple.png"
        }
      ]
    },
    {
      "aspects": [
        "rainbow-blue"
      ],
      "texture": "cobblemon:textures/pokemon/0235_smeargle/smeargle_blue.png",
      "layers": [
        {
          "name": "paint",
          "translucent": true,
          "texture": "cobblemon:textures/pokemon/0235_smeargle/smeargle_paint_blue.png"
        }
      ]
    },
    {
      "aspects": [
        "rainbow-cyan"
      ],
      "texture": "cobblemon:textures/pokemon/0235_smeargle/smeargle_cyan.png",
      "layers": [
        {
          "name": "paint",
          "translucent": true,
          "texture": "cobblemon:textures/pokemon/0235_smeargle/smeargle_paint_cyan.png"
        }
      ]
    },
    {
      "aspects": [
        "rainbow-green"
      ],
      "texture": "cobblemon:textures/pokemon/0235_smeargle/smeargle_green.png",
      "layers": [
        {
          "name": "paint",
          "translucent": true,
          "texture": "cobblemon:textures/pokemon/0235_smeargle/smeargle_paint_green.png"
        }
      ]
    },
    {
      "aspects": [
        "rainbow-lime"
      ],
      "texture": "cobblemon:textures/pokemon/0235_smeargle/smeargle_lime.png",
      "layers": [
        {
          "name": "paint",
          "translucent": true,
          "texture": "cobblemon:textures/pokemon/0235_smeargle/smeargle_paint_lime.png"
        }
      ]
    },
    {
      "aspects": [
        "rainbow-yellow"
      ],
      "texture": "cobblemon:textures/pokemon/0235_smeargle/smeargle_yellow.png",
      "layers": [
        {
          "name": "paint",
          "translucent": true,
          "texture": "cobblemon:textures/pokemon/0235_smeargle/smeargle_paint_yellow.png"
        }
      ]
    },
    {
      "aspects": [
        "rainbow-orange"
      ],
      "texture": "cobblemon:textures/pokemon/0235_smeargle/smeargle_orange.png",
      "layers": [
        {
          "name": "paint",
          "translucent": true,
          "texture": "cobblemon:textures/pokemon/0235_smeargle/smeargle_paint_orange.png"
        }
      ]
    },
    {
      "aspects": [
        "rainbow-red"
      ],
      "texture": "cobblemon:textures/pokemon/0235_smeargle/smeargle_red.png",
      "layers": [
        {
          "name": "paint",
          "translucent": true,
          "texture": "cobblemon:textures/pokemon/0235_smeargle/smeargle_paint_red.png"
        }
      ]
    },
    {
      "aspects": [
        "color-light_blue"
      ],
      "texture": "cobblemon:textures/pokemon/0235_smeargle/smeargle_light_blue.png",
      "layers": [
        {
          "name": "paint",
          "translucent": true,
          "texture": "cobblemon:textures/pokemon/0235_smeargle/smeargle_paint_light_blue.png"
        }
      ]
    },
    {
      "aspects": [
        "color-pink"
      ],
      "texture": "cobblemon:textures/pokemon/0235_smeargle/smeargle_pink.png",
      "layers": [
        {
          "name": "paint",
          "translucent": true,
          "texture": "cobblemon:textures/pokemon/0235_smeargle/smeargle_paint_pink.png"
        }
      ]
    },
    {
      "aspects": [
        "color-magenta"
      ],
      "texture": "cobblemon:textures/pokemon/0235_smeargle/smeargle_magenta.png",
      "layers": [
        {
          "name": "paint",
          "translucent": true,
          "texture": "cobblemon:textures/pokemon/0235_smeargle/smeargle_paint_magenta.png"
        }
      ]
    },
    {
      "aspects": [
        "color-purple"
      ],
      "texture": "cobblemon:textures/pokemon/0235_smeargle/smeargle_purple.png",
      "layers": [
        {
          "name": "paint",
          "translucent": true,
          "texture": "cobblemon:textures/pokemon/0235_smeargle/smeargle_paint_purple.png"
        }
      ]
    },
    {
      "aspects": [
        "color-blue"
      ],
      "texture": "cobblemon:textures/pokemon/0235_smeargle/smeargle_blue.png",
      "layers": [
        {
          "name": "paint",
          "translucent": true,
          "texture": "cobblemon:textures/pokemon/0235_smeargle/smeargle_paint_blue.png"
        }
      ]
    },
    {
      "aspects": [
        "color-cyan"
      ],
      "texture": "cobblemon:textures/pokemon/0235_smeargle/smeargle_cyan.png",
      "layers": [
        {
          "name": "paint",
          "translucent": true,
          "texture": "cobblemon:textures/pokemon/0235_smeargle/smeargle_paint_cyan.png"
        }
      ]
    },
    {
      "aspects": [
        "color-green"
      ],
      "texture": "cobblemon:textures/pokemon/0235_smeargle/smeargle_green.png",
      "layers": [
        {
          "name": "paint",
          "translucent": true,
          "texture": "cobblemon:textures/pokemon/0235_smeargle/smeargle_paint_green.png"
        }
      ]
    },
    {
      "aspects": [
        "color-lime"
      ],
      "texture": "cobblemon:textures/pokemon/0235_smeargle/smeargle_lime.png",
      "layers": [
        {
          "name": "paint",
          "translucent": true,
          "texture": "cobblemon:textures/pokemon/0235_smeargle/smeargle_paint_lime.png"
        }
      ]
    },
    {
      "aspects": [
        "color-yellow"
      ],
      "texture": "cobblemon:textures/pokemon/0235_smeargle/smeargle_yellow.png",
      "layers": [
        {
          "name": "paint",
          "translucent": true,
          "texture": "cobblemon:textures/pokemon/0235_smeargle/smeargle_paint_yellow.png"
        }
      ]
    },
    {
      "aspects": [
        "color-orange"
      ],
      "texture": "cobblemon:textures/pokemon/0235_smeargle/smeargle_orange.png",
      "layers": [
        {
          "name": "paint",
          "translucent": true,
          "texture": "cobblemon:textures/pokemon/0235_smeargle/smeargle_paint_orange.png"
        }
      ]
    },
    {
      "aspects": [
        "color-red"
      ],
      "texture": "cobblemon:textures/pokemon/0235_smeargle/smeargle_red.png",
      "layers": [
        {
          "name": "paint",
          "translucent": true,
          "texture": "cobblemon:textures/pokemon/0235_smeargle/smeargle_paint_red.png"
        }
      ]
    },
    {
      "aspects": [
        "color-black"
      ],
      "texture": "cobblemon:textures/pokemon/0235_smeargle/smeargle_black.png",
      "layers": [
        {
          "name": "paint",
          "translucent": true,
          "texture": "cobblemon:textures/pokemon/0235_smeargle/smeargle_paint_black.png"
        }
      ]
    },
    {
      "aspects": [
        "color-brown"
      ],
      "texture": "cobblemon:textures/pokemon/0235_smeargle/smeargle_brown.png",
      "layers": [
        {
          "name": "paint",
          "translucent": true,
          "texture": "cobblemon:textures/pokemon/0235_smeargle/smeargle_paint_brown.png"
        }
      ]
    },
    {
      "aspects": [
        "color-gray"
      ],
      "texture": "cobblemon:textures/pokemon/0235_smeargle/smeargle_gray.png",
      "layers": [
        {
          "name": "paint",
          "translucent": true,
          "texture": "cobblemon:textures/pokemon/0235_smeargle/smeargle_paint_gray.png"
        }
      ]
    },
    {
      "aspects": [
        "color-light_gray"
      ],
      "texture": "cobblemon:textures/pokemon/0235_smeargle/smeargle_light_gray.png",
      "layers": [
        {
          "name": "paint",
          "translucent": true,
          "texture": "cobblemon:textures/pokemon/0235_smeargle/smeargle_paint_light_gray.png"
        }
      ]
    },
    {
      "aspects": [
        "color-white"
      ],
      "texture": "cobblemon:textures/pokemon/0235_smeargle/smeargle_white.png",
      "layers": [
        {
          "name": "paint",
          "translucent": true,
          "texture": "cobblemon:textures/pokemon/0235_smeargle/smeargle_paint_white.png"
        }
      ]
    },
    {
      "aspects": [
        "rainbow-light_blue",
        "shiny"
      ],
      "texture": "cobblemon:textures/pokemon/0235_smeargle/smeargle_light_blue_shiny.png",
      "layers": [
        {
          "name": "paint",
          "translucent": true,
          "texture": "cobblemon:textures/pokemon/0235_smeargle/smeargle_paint_light_blue.png"
        }
      ]
    },
    {
      "aspects": [
        "rainbow-pink",
        "shiny"
      ],
      "texture": "cobblemon:textures/pokemon/0235_smeargle/smeargle_pink_shiny.png",
      "layers": [
        {
          "name": "paint",
          "translucent": true,
          "texture": "cobblemon:textures/pokemon/0235_smeargle/smeargle_paint_pink.png"
        }
      ]
    },
    {
      "aspects": [
        "rainbow-magenta",
        "shiny"
      ],
      "texture": "cobblemon:textures/pokemon/0235_smeargle/smeargle_magenta_shiny.png",
      "layers": [
        {
          "name": "paint",
          "translucent": true,
          "texture": "cobblemon:textures/pokemon/0235_smeargle/smeargle_paint_magenta.png"
        }
      ]
    },
    {
      "aspects": [
        "rainbow-purple",
        "shiny"
      ],
      "texture": "cobblemon:textures/pokemon/0235_smeargle/smeargle_purple_shiny.png",
      "layers": [
        {
          "name": "paint",
          "translucent": true,
          "texture": "cobblemon:textures/pokemon/0235_smeargle/smeargle_paint_purple.png"
        }
      ]
    },
    {
      "aspects": [
        "rainbow-blue",
        "shiny"
      ],
      "texture": "cobblemon:textures/pokemon/0235_smeargle/smeargle_blue_shiny.png",
      "layers": [
        {
          "name": "paint",
          "translucent": true,
          "texture": "cobblemon:textures/pokemon/0235_smeargle/smeargle_paint_blue.png"
        }
      ]
    },
    {
      "aspects": [
        "rainbow-cyan",
        "shiny"
      ],
      "texture": "cobblemon:textures/pokemon/0235_smeargle/smeargle_cyan_shiny.png",
      "layers": [
        {
          "name": "paint",
          "translucent": true,
          "texture": "cobblemon:textures/pokemon/0235_smeargle/smeargle_paint_cyan.png"
        }
      ]
    },
    {
      "aspects": [
        "rainbow-green",
        "shiny"
      ],
      "texture": "cobblemon:textures/pokemon/0235_smeargle/smeargle_green_shiny.png",
      "layers": [
        {
          "name": "paint",
          "translucent": true,
          "texture": "cobblemon:textures/pokemon/0235_smeargle/smeargle_paint_green.png"
        }
      ]
    },
    {
      "aspects": [
        "rainbow-lime",
        "shiny"
      ],
      "texture": "cobblemon:textures/pokemon/0235_smeargle/smeargle_lime_shiny.png",
      "layers": [
        {
          "name": "paint",
          "translucent": true,
          "texture": "cobblemon:textures/pokemon/0235_smeargle/smeargle_paint_lime.png"
        }
      ]
    },
    {
      "aspects": [
        "rainbow-yellow",
        "shiny"
      ],
      "texture": "cobblemon:textures/pokemon/0235_smeargle/smeargle_yellow_shiny.png",
      "layers": [
        {
          "name": "paint",
          "translucent": true,
          "texture": "cobblemon:textures/pokemon/0235_smeargle/smeargle_paint_yellow.png"
        }
      ]
    },
    {
      "aspects": [
        "rainbow-orange",
        "shiny"
      ],
      "texture": "cobblemon:textures/pokemon/0235_smeargle/smeargle_orange_shiny.png",
      "layers": [
        {
          "name": "paint",
          "translucent": true,
          "texture": "cobblemon:textures/pokemon/0235_smeargle/smeargle_paint_orange.png"
        }
      ]
    },
    {
      "aspects": [
        "rainbow-red",
        "shiny"
      ],
      "texture": "cobblemon:textures/pokemon/0235_smeargle/smeargle_red_shiny.png",
      "layers": [
        {
          "name": "paint",
          "translucent": true,
          "texture": "cobblemon:textures/pokemon/0235_smeargle/smeargle_paint_red.png"
        }
      ]
    },
    {
      "aspects": [
        "color-light_blue",
        "shiny"
      ],
      "texture": "cobblemon:textures/pokemon/0235_smeargle/smeargle_light_blue_shiny.png",
      "layers": [
        {
          "name": "paint",
          "translucent": true,
          "texture": "cobblemon:textures/pokemon/0235_smeargle/smeargle_paint_light_blue.png"
        }
      ]
    },
    {
      "aspects": [
        "color-pink",
        "shiny"
      ],
      "texture": "cobblemon:textures/pokemon/0235_smeargle/smeargle_pink_shiny.png",
      "layers": [
        {
          "name": "paint",
          "translucent": true,
          "texture": "cobblemon:textures/pokemon/0235_smeargle/smeargle_paint_pink.png"
        }
      ]
    },
    {
      "aspects": [
        "color-magenta",
        "shiny"
      ],
      "texture": "cobblemon:textures/pokemon/0235_smeargle/smeargle_magenta_shiny.png",
      "layers": [
        {
          "name": "paint",
          "translucent": true,
          "texture": "cobblemon:textures/pokemon/0235_smeargle/smeargle_paint_magenta.png"
        }
      ]
    },
    {
      "aspects": [
        "color-purple",
        "shiny"
      ],
      "texture": "cobblemon:textures/pokemon/0235_smeargle/smeargle_purple_shiny.png",
      "layers": [
        {
          "name": "paint",
          "translucent": true,
          "texture": "cobblemon:textures/pokemon/0235_smeargle/smeargle_paint_purple.png"
        }
      ]
    },
    {
      "aspects": [
        "color-blue",
        "shiny"
      ],
      "texture": "cobblemon:textures/pokemon/0235_smeargle/smeargle_blue_shiny.png",
      "layers": [
        {
          "name": "paint",
          "translucent": true,
          "texture": "cobblemon:textures/pokemon/0235_smeargle/smeargle_paint_blue.png"
        }
      ]
    },
    {
      "aspects": [
        "color-cyan",
        "shiny"
      ],
      "texture": "cobblemon:textures/pokemon/0235_smeargle/smeargle_cyan_shiny.png",
      "layers": [
        {
          "name": "paint",
          "translucent": true,
          "texture": "cobblemon:textures/pokemon/0235_smeargle/smeargle_paint_cyan.png"
        }
      ]
    },
    {
      "aspects": [
        "color-green",
        "shiny"
      ],
      "texture": "cobblemon:textures/pokemon/0235_smeargle/smeargle_green_shiny.png",
      "layers": [
        {
          "name": "paint",
          "translucent": true,
          "texture": "cobblemon:textures/pokemon/0235_smeargle/smeargle_paint_green.png"
        }
      ]
    },
    {
      "aspects": [
        "color-lime",
        "shiny"
      ],
      "texture": "cobblemon:textures/pokemon/0235_smeargle/smeargle_lime_shiny.png",
      "layers": [
        {
          "name": "paint",
          "translucent": true,
          "texture": "cobblemon:textures/pokemon/0235_smeargle/smeargle_paint_lime.png"
        }
      ]
    },
    {
      "aspects": [
        "color-yellow",
        "shiny"
      ],
      "texture": "cobblemon:textures/pokemon/0235_smeargle/smeargle_yellow_shiny.png",
      "layers": [
        {
          "name": "paint",
          "translucent": true,
          "texture": "cobblemon:textures/pokemon/0235_smeargle/smeargle_paint_yellow.png"
        }
      ]
    },
    {
      "aspects": [
        "color-orange",
        "shiny"
      ],
      "texture": "cobblemon:textures/pokemon/0235_smeargle/smeargle_orange_shiny.png",
      "layers": [
        {
          "name": "paint",
          "translucent": true,
          "texture": "cobblemon:textures/pokemon/0235_smeargle/smeargle_paint_orange.png"
        }
      ]
    },
    {
      "aspects": [
        "color-red",
        "shiny"
      ],
      "texture": "cobblemon:textures/pokemon/0235_smeargle/smeargle_red_shiny.png",
      "layers": [
        {
          "name": "paint",
          "translucent": true,
          "texture": "cobblemon:textures/pokemon/0235_smeargle/smeargle_paint_red.png"
        }
      ]
    },
    {
      "aspects": [
        "color-black",
        "shiny"
      ],
      "texture": "cobblemon:textures/pokemon/0235_smeargle/smeargle_black_shiny.png",
      "layers": [
        {
          "name": "paint",
          "translucent": true,
          "texture": "cobblemon:textures/pokemon/0235_smeargle/smeargle_paint_black.png"
        }
      ]
    },
    {
      "aspects": [
        "color-brown",
        "shiny"
      ],
      "texture": "cobblemon:textures/pokemon/0235_smeargle/smeargle_brown_shiny.png",
      "layers": [
        {
          "name": "paint",
          "translucent": true,
          "texture": "cobblemon:textures/pokemon/0235_smeargle/smeargle_paint_brown.png"
        }
      ]
    },
    {
      "aspects": [
        "color-gray",
        "shiny"
      ],
      "texture": "cobblemon:textures/pokemon/0235_smeargle/smeargle_gray_shiny.png",
      "layers": [
        {
          "name": "paint",
          "translucent": true,
          "texture": "cobblemon:textures/pokemon/0235_smeargle/smeargle_paint_gray.png"
        }
      ]
    },
    {
      "aspects": [
        "color-light_gray",
        "shiny"
      ],
      "texture": "cobblemon:textures/pokemon/0235_smeargle/smeargle_light_gray_shiny.png",
      "layers": [
        {
          "name": "paint",
          "translucent": true,
          "texture": "cobblemon:textures/pokemon/0235_smeargle/smeargle_paint_light_gray.png"
        }
      ]
    },
    {
      "aspects": [
        "color-white",
        "shiny"
      ],
      "texture": "cobblemon:textures/pokemon/0235_smeargle/smeargle_white_shiny.png",
      "layers": [
        {
          "name": "paint",
          "translucent": true,
          "texture": "cobblemon:textures/pokemon/0235_smeargle/smeargle_paint_white.png"
        }
      ]
    }
  ]
}